-- 中立城里传送NPC
INSERT INTO `creature_template` (`entry`, `KillCredit1`, `KillCredit2`, `modelid_1`, `modelid_2`, `modelid_3`, `modelid_4`, `name`, `subname`, `gossip_menu_id`, `minlevel`, `maxlevel`, `minhealth`, `maxhealth`, `minmana`, `maxmana`, `armor`, `faction_A`, `faction_H`, `npcflag`, `speed_walk`, `speed_run`, `scale`, `rank`, `mindmg`, `maxdmg`, `dmgschool`, `attackpower`, `dmg_multiplier`, `baseattacktime`, `rangeattacktime`, `unit_class`, `unit_flags`, `dynamicflags`, `family`, `trainer_type`, `trainer_spell`, `trainer_class`, `trainer_race`, `minrangedmg`, `maxrangedmg`, `rangedattackpower`, `type`, `type_flags`, `lootid`, `pickpocketloot`, `skinloot`, `resistance1`, `resistance2`, `resistance3`, `resistance4`, `resistance5`, `resistance6`, `spell1`, `spell2`, `spell3`, `spell4`, `PetSpellDataId`, `mingold`, `maxgold`, `AIName`, `MovementType`, `InhabitType`, `Civilian`, `RacialLeader`, `RegenHealth`, `equipment_id`, `trainer_id`, `vendor_id`, `MechanicImmuneMask`, `SchoolImmuneMask`, `flags_extra`, `ScriptName`) VALUES ('900028', '0', '0', '7053', '5436', '0', '0', 'Transmitter', '', '61001', '62', '62', '5500', '5500', '0', '0', '0', '35', '35', '3', '1.1', '1.14286', '1.1', '1', '5590', '7200', '0', '2950', '1', '1158', '0', '1', '2', '0', '0', '0', '0', '0', '0', '63.1904', '86.8868', '100', '7', '138936390', '0', '0', '0', '0', '0', '0', '0', '0', '0', '0', '0', '0', '0', '0', '0', '0', '', '0', '3', '0', '3', '0', '1', '1907', '0', '0', '0', '2', '');
-- locales_creature
INSERT INTO `locales_creature` (`entry`, `name_loc1`, `name_loc2`, `name_loc3`, `name_loc4`, `name_loc5`, `name_loc6`, `name_loc7`, `name_loc8`, `subname_loc1`, `subname_loc2`, `subname_loc3`, `subname_loc4`, `subname_loc5`, `subname_loc6`, `subname_loc7`, `subname_loc8`) VALUES ('900028', '', 'Transmitter', '', '传送员', '', '', '', '', '', NULL, '', '中立城市传送', '', '', '', NULL);
-- gossip_menu
INSERT INTO `gossip_menu` (`entry`, `text_id`, `condition_id`) VALUES ('61001', '384', '0');
-- gossip_menu_option
INSERT INTO `gossip_menu_option` (`menu_id`, `id`, `option_icon`, `option_text`, `option_id`, `npc_option_npcflag`, `action_menu_id`, `action_poi_id`, `action_script_id`, `box_coded`, `box_money`, `box_text`, `condition_id`) VALUES ('61001', '10', '0', '[中立] 棘齿城', '1', '1', '0', '0', '60007', '0', '0', NULL, '0');
INSERT INTO `gossip_menu_option` (`menu_id`, `id`, `option_icon`, `option_text`, `option_id`, `npc_option_npcflag`, `action_menu_id`, `action_poi_id`, `action_script_id`, `box_coded`, `box_money`, `box_text`, `condition_id`) VALUES ('61001', '11', '0', '[中立] 冬泉谷', '1', '1', '0', '0', '60008', '0', '0', NULL, '0');
INSERT INTO `gossip_menu_option` (`menu_id`, `id`, `option_icon`, `option_text`, `option_id`, `npc_option_npcflag`, `action_menu_id`, `action_poi_id`, `action_script_id`, `box_coded`, `box_money`, `box_text`, `condition_id`) VALUES ('61001', '12', '0', '[中立] 藏宝海湾', '1', '1', '0', '0', '60009', '0', '0', NULL, '0');
INSERT INTO `gossip_menu_option` (`menu_id`, `id`, `option_icon`, `option_text`, `option_id`, `npc_option_npcflag`, `action_menu_id`, `action_poi_id`, `action_script_id`, `box_coded`, `box_money`, `box_text`, `condition_id`) VALUES ('61001', '13', '0', '[中立] 加基森', '1', '1', '0', '0', '60013', '0', '0', NULL, '0');
-- gossip_scripts
INSERT INTO `gossip_scripts` (`id`, `delay`, `command`, `datalong`, `datalong2`, `datalong3`, `datalong4`, `data_flags`, `dataint`, `dataint2`, `dataint3`, `dataint4`, `x`, `y`, `z`, `o`, `comments`) VALUES ('60007', '0', '6', '1', '0', '0', '0', '0', '0', '0', '0', '0', '-977', '-3788', '6', '0', '');
INSERT INTO `gossip_scripts` (`id`, `delay`, `command`, `datalong`, `datalong2`, `datalong3`, `datalong4`, `data_flags`, `dataint`, `dataint2`, `dataint3`, `dataint4`, `x`, `y`, `z`, `o`, `comments`) VALUES ('60008', '0', '6', '1', '0', '0', '0', '0', '0', '0', '0', '0', '6759', '-4600', '720', '0', '');
INSERT INTO `gossip_scripts` (`id`, `delay`, `command`, `datalong`, `datalong2`, `datalong3`, `datalong4`, `data_flags`, `dataint`, `dataint2`, `dataint3`, `dataint4`, `x`, `y`, `z`, `o`, `comments`) VALUES ('60009', '0', '6', '0', '0', '0', '0', '0', '0', '0', '0', '0', '-14302', '518', '9', '0', '');
INSERT INTO `gossip_scripts` (`id`, `delay`, `command`, `datalong`, `datalong2`, `datalong3`, `datalong4`, `data_flags`, `dataint`, `dataint2`, `dataint3`, `dataint4`, `x`, `y`, `z`, `o`, `comments`) VALUES ('60013', '0', '6', '1', '0', '0', '0', '0', '0', '0', '0', '0', '-7176', '-3821', '8.9', '0', '');
-- creature
-- 奥格瑞玛添加中立传送员--银行门口
INSERT INTO `creature` (`guid`, `id`, `map`, `modelid`, `equipment_id`, `position_x`, `position_y`, `position_z`, `orientation`, `spawntimesecs`, `spawndist`, `currentwaypoint`, `curhealth`, `curmana`, `DeathState`, `MovementType`, `spawnFlags`) VALUES ('2000038', '900028', '1', '0', '1', '1619.17', '-4392.88', '10.4158', '4.28352', '25', '5', '0', '5500', '0', '0', '0', '0');
-- 铁炉堡添加中立传送员900028--银行门口
INSERT INTO `creature` (`guid`, `id`, `map`, `modelid`, `equipment_id`, `position_x`, `position_y`, `position_z`, `orientation`, `spawntimesecs`, `spawndist`, `currentwaypoint`, `curhealth`, `curmana`, `DeathState`, `MovementType`, `spawnFlags`) VALUES ('2000039', '900028', '0', '0', '1', '-4898.63', '-964.758', '501.448', '2.30039', '25', '5', '0', '5500', '0', '0', '0', '0');
-- GM岛添加传送
INSERT INTO `creature` (`guid`, `id`, `map`, `modelid`, `equipment_id`, `position_x`, `position_y`, `position_z`, `orientation`, `spawntimesecs`, `spawndist`, `currentwaypoint`, `curhealth`, `curmana`, `DeathState`, `MovementType`, `spawnFlags`) VALUES ('2000040', '900028', '1', '0', '0', '16244.7', '16254.8', '18.53', '2.55', '25', '0', '0', '1337', '420', '0', '0', '0');
-- 小型副本辅导员
INSERT INTO `creature_template` (`entry`, `KillCredit1`, `KillCredit2`, `modelid_1`, `modelid_2`, `modelid_3`, `modelid_4`, `name`, `subname`, `gossip_menu_id`, `minlevel`, `maxlevel`, `minhealth`, `maxhealth`, `minmana`, `maxmana`, `armor`, `faction_A`, `faction_H`, `npcflag`, `speed_walk`, `speed_run`, `scale`, `rank`, `mindmg`, `maxdmg`, `dmgschool`, `attackpower`, `dmg_multiplier`, `baseattacktime`, `rangeattacktime`, `unit_class`, `unit_flags`, `dynamicflags`, `family`, `trainer_type`, `trainer_spell`, `trainer_class`, `trainer_race`, `minrangedmg`, `maxrangedmg`, `rangedattackpower`, `type`, `type_flags`, `lootid`, `pickpocketloot`, `skinloot`, `resistance1`, `resistance2`, `resistance3`, `resistance4`, `resistance5`, `resistance6`, `spell1`, `spell2`, `spell3`, `spell4`, `PetSpellDataId`, `mingold`, `maxgold`, `AIName`, `MovementType`, `InhabitType`, `Civilian`, `RacialLeader`, `RegenHealth`, `equipment_id`, `trainer_id`, `vendor_id`, `MechanicImmuneMask`, `SchoolImmuneMask`, `flags_extra`, `ScriptName`) VALUES ('900029', '0', '0', '252', '0', '0', '0', '副本辅导员', '出售刷本道具', '0', '60', '60', '3077', '3077', '0', '0', '12753', '35', '35', '16388', '1.05', '1.14286', '0', '0', '74', '96', '0', '208', '1', '2000', '2000', '1', '2', '0', '0', '0', '0', '0', '0', '62.744', '86.273', '100', '7', '0', '0', '0', '0', '0', '0', '0', '0', '0', '0', '0', '0', '0', '0', '0', '0', '0', '', '0', '3', '0', '0', '1', '105', '0', '0', '0', '0', '64', '');
INSERT INTO `creature_template` (`entry`, `KillCredit1`, `KillCredit2`, `modelid_1`, `modelid_2`, `modelid_3`, `modelid_4`, `name`, `subname`, `gossip_menu_id`, `minlevel`, `maxlevel`, `minhealth`, `maxhealth`, `minmana`, `maxmana`, `armor`, `faction_A`, `faction_H`, `npcflag`, `speed_walk`, `speed_run`, `scale`, `rank`, `mindmg`, `maxdmg`, `dmgschool`, `attackpower`, `dmg_multiplier`, `baseattacktime`, `rangeattacktime`, `unit_class`, `unit_flags`, `dynamicflags`, `family`, `trainer_type`, `trainer_spell`, `trainer_class`, `trainer_race`, `minrangedmg`, `maxrangedmg`, `rangedattackpower`, `type`, `type_flags`, `lootid`, `pickpocketloot`, `skinloot`, `resistance1`, `resistance2`, `resistance3`, `resistance4`, `resistance5`, `resistance6`, `spell1`, `spell2`, `spell3`, `spell4`, `PetSpellDataId`, `mingold`, `maxgold`, `AIName`, `MovementType`, `InhabitType`, `Civilian`, `RacialLeader`, `RegenHealth`, `equipment_id`, `trainer_id`, `vendor_id`, `MechanicImmuneMask`, `SchoolImmuneMask`, `flags_extra`, `ScriptName`) VALUES ('900030', '0', '0', '252', '0', '0', '0', '副本辅导员', '出售刷本道具', '0', '60', '60', '3077', '3077', '0', '0', '12753', '35', '35', '16388', '1.05', '1.14286', '0', '0', '74', '96', '0', '208', '1', '2000', '2000', '1', '2', '0', '0', '0', '0', '0', '0', '62.744', '86.273', '100', '7', '0', '0', '0', '0', '0', '0', '0', '0', '0', '0', '0', '0', '0', '0', '0', '0', '0', '', '0', '3', '0', '0', '1', '105', '0', '0', '0', '0', '64', '');
INSERT INTO `creature_template` (`entry`, `KillCredit1`, `KillCredit2`, `modelid_1`, `modelid_2`, `modelid_3`, `modelid_4`, `name`, `subname`, `gossip_menu_id`, `minlevel`, `maxlevel`, `minhealth`, `maxhealth`, `minmana`, `maxmana`, `armor`, `faction_A`, `faction_H`, `npcflag`, `speed_walk`, `speed_run`, `scale`, `rank`, `mindmg`, `maxdmg`, `dmgschool`, `attackpower`, `dmg_multiplier`, `baseattacktime`, `rangeattacktime`, `unit_class`, `unit_flags`, `dynamicflags`, `family`, `trainer_type`, `trainer_spell`, `trainer_class`, `trainer_race`, `minrangedmg`, `maxrangedmg`, `rangedattackpower`, `type`, `type_flags`, `lootid`, `pickpocketloot`, `skinloot`, `resistance1`, `resistance2`, `resistance3`, `resistance4`, `resistance5`, `resistance6`, `spell1`, `spell2`, `spell3`, `spell4`, `PetSpellDataId`, `mingold`, `maxgold`, `AIName`, `MovementType`, `InhabitType`, `Civilian`, `RacialLeader`, `RegenHealth`, `equipment_id`, `trainer_id`, `vendor_id`, `MechanicImmuneMask`, `SchoolImmuneMask`, `flags_extra`, `ScriptName`) VALUES ('900031', '0', '0', '252', '0', '0', '0', '副本辅导员', '出售刷本道具', '0', '60', '60', '3077', '3077', '0', '0', '12753', '35', '35', '16388', '1.05', '1.14286', '0', '0', '74', '96', '0', '208', '1', '2000', '2000', '1', '2', '0', '0', '0', '0', '0', '0', '62.744', '86.273', '100', '7', '0', '0', '0', '0', '0', '0', '0', '0', '0', '0', '0', '0', '0', '0', '0', '0', '0', '', '0', '3', '0', '0', '1', '105', '0', '0', '0', '0', '64', '');
INSERT INTO `creature_template` (`entry`, `KillCredit1`, `KillCredit2`, `modelid_1`, `modelid_2`, `modelid_3`, `modelid_4`, `name`, `subname`, `gossip_menu_id`, `minlevel`, `maxlevel`, `minhealth`, `maxhealth`, `minmana`, `maxmana`, `armor`, `faction_A`, `faction_H`, `npcflag`, `speed_walk`, `speed_run`, `scale`, `rank`, `mindmg`, `maxdmg`, `dmgschool`, `attackpower`, `dmg_multiplier`, `baseattacktime`, `rangeattacktime`, `unit_class`, `unit_flags`, `dynamicflags`, `family`, `trainer_type`, `trainer_spell`, `trainer_class`, `trainer_race`, `minrangedmg`, `maxrangedmg`, `rangedattackpower`, `type`, `type_flags`, `lootid`, `pickpocketloot`, `skinloot`, `resistance1`, `resistance2`, `resistance3`, `resistance4`, `resistance5`, `resistance6`, `spell1`, `spell2`, `spell3`, `spell4`, `PetSpellDataId`, `mingold`, `maxgold`, `AIName`, `MovementType`, `InhabitType`, `Civilian`, `RacialLeader`, `RegenHealth`, `equipment_id`, `trainer_id`, `vendor_id`, `MechanicImmuneMask`, `SchoolImmuneMask`, `flags_extra`, `ScriptName`) VALUES ('900032', '0', '0', '252', '0', '0', '0', '副本辅导员', '出售刷本道具', '0', '60', '60', '3077', '3077', '0', '0', '12753', '35', '35', '16388', '1.05', '1.14286', '0', '0', '74', '96', '0', '208', '1', '2000', '2000', '1', '2', '0', '0', '0', '0', '0', '0', '62.744', '86.273', '100', '7', '0', '0', '0', '0', '0', '0', '0', '0', '0', '0', '0', '0', '0', '0', '0', '0', '0', '', '0', '3', '0', '0', '1', '105', '0', '0', '0', '0', '64', '');
INSERT INTO `creature_template` (`entry`, `KillCredit1`, `KillCredit2`, `modelid_1`, `modelid_2`, `modelid_3`, `modelid_4`, `name`, `subname`, `gossip_menu_id`, `minlevel`, `maxlevel`, `minhealth`, `maxhealth`, `minmana`, `maxmana`, `armor`, `faction_A`, `faction_H`, `npcflag`, `speed_walk`, `speed_run`, `scale`, `rank`, `mindmg`, `maxdmg`, `dmgschool`, `attackpower`, `dmg_multiplier`, `baseattacktime`, `rangeattacktime`, `unit_class`, `unit_flags`, `dynamicflags`, `family`, `trainer_type`, `trainer_spell`, `trainer_class`, `trainer_race`, `minrangedmg`, `maxrangedmg`, `rangedattackpower`, `type`, `type_flags`, `lootid`, `pickpocketloot`, `skinloot`, `resistance1`, `resistance2`, `resistance3`, `resistance4`, `resistance5`, `resistance6`, `spell1`, `spell2`, `spell3`, `spell4`, `PetSpellDataId`, `mingold`, `maxgold`, `AIName`, `MovementType`, `InhabitType`, `Civilian`, `RacialLeader`, `RegenHealth`, `equipment_id`, `trainer_id`, `vendor_id`, `MechanicImmuneMask`, `SchoolImmuneMask`, `flags_extra`, `ScriptName`) VALUES ('900033', '0', '0', '252', '0', '0', '0', '副本辅导员', '出售刷本道具', '0', '60', '60', '3077', '3077', '0', '0', '12753', '35', '35', '16388', '1.05', '1.14286', '0', '0', '74', '96', '0', '208', '1', '2000', '2000', '1', '2', '0', '0', '0', '0', '0', '0', '62.744', '86.273', '100', '7', '0', '0', '0', '0', '0', '0', '0', '0', '0', '0', '0', '0', '0', '0', '0', '0', '0', '', '0', '3', '0', '0', '1', '105', '0', '0', '0', '0', '64', '');
INSERT INTO `creature` (`guid`, `id`, `map`, `modelid`, `equipment_id`, `position_x`, `position_y`, `position_z`, `orientation`, `spawntimesecs`, `spawndist`, `currentwaypoint`, `curhealth`, `curmana`, `DeathState`, `MovementType`, `spawnFlags`) VALUES ('2000041', '900029', '289', '0', '105', '202.567', '129.422', '134.912', '4.09517', '25', '5', '0', '3077', '0', '0', '0', '0');
INSERT INTO `creature` (`guid`, `id`, `map`, `modelid`, `equipment_id`, `position_x`, `position_y`, `position_z`, `orientation`, `spawntimesecs`, `spawndist`, `currentwaypoint`, `curhealth`, `curmana`, `DeathState`, `MovementType`, `spawnFlags`) VALUES ('2000042', '900029', '109', '0', '105', '-319.84', '114.49', '-131.849', '3.19785', '25', '5', '0', '3077', '0', '0', '0', '0');
INSERT INTO `creature` (`guid`, `id`, `map`, `modelid`, `equipment_id`, `position_x`, `position_y`, `position_z`, `orientation`, `spawntimesecs`, `spawndist`, `currentwaypoint`, `curhealth`, `curmana`, `DeathState`, `MovementType`, `spawnFlags`) VALUES ('2000043', '900029', '349', '0', '105', '740.157', '-608.947', '-33.0414', '0.604237', '25', '5', '0', '3077', '0', '0', '0', '0');
INSERT INTO `creature` (`guid`, `id`, `map`, `modelid`, `equipment_id`, `position_x`, `position_y`, `position_z`, `orientation`, `spawntimesecs`, `spawndist`, `currentwaypoint`, `curhealth`, `curmana`, `DeathState`, `MovementType`, `spawnFlags`) VALUES ('2000044', '900030', '329', '0', '105', '3386.93', '-3378.57', '142.769', '6.23301', '25', '5', '0', '3077', '0', '0', '0', '0');
INSERT INTO `creature` (`guid`, `id`, `map`, `modelid`, `equipment_id`, `position_x`, `position_y`, `position_z`, `orientation`, `spawntimesecs`, `spawndist`, `currentwaypoint`, `curhealth`, `curmana`, `DeathState`, `MovementType`, `spawnFlags`) VALUES ('2000045', '900030', '329', '0', '105', '3597.26', '-3648.89', '139.474', '2.63197', '25', '5', '0', '3077', '0', '0', '0', '0');
INSERT INTO `creature` (`guid`, `id`, `map`, `modelid`, `equipment_id`, `position_x`, `position_y`, `position_z`, `orientation`, `spawntimesecs`, `spawndist`, `currentwaypoint`, `curhealth`, `curmana`, `DeathState`, `MovementType`, `spawnFlags`) VALUES ('2000046', '900031', '230', '0', '105', '442.994', '24.6439', '-69.5719', '5.42013', '25', '5', '0', '3077', '0', '0', '0', '0');
INSERT INTO `creature` (`guid`, `id`, `map`, `modelid`, `equipment_id`, `position_x`, `position_y`, `position_z`, `orientation`, `spawntimesecs`, `spawndist`, `currentwaypoint`, `curhealth`, `curmana`, `DeathState`, `MovementType`, `spawnFlags`) VALUES ('2000047', '900032', '229', '0', '105', '73.865', '-231.666', '51.4121', '0.193307', '25', '5', '0', '3077', '0', '0', '0', '0');
INSERT INTO `creature` (`guid`, `id`, `map`, `modelid`, `equipment_id`, `position_x`, `position_y`, `position_z`, `orientation`, `spawntimesecs`, `spawndist`, `currentwaypoint`, `curhealth`, `curmana`, `DeathState`, `MovementType`, `spawnFlags`) VALUES ('2000048', '900033', '429', '0', '105', '265.193', '-19.4634', '-2.58737', '4.6568', '25', '5', '0', '3077', '0', '0', '0', '0');
INSERT INTO `creature` (`guid`, `id`, `map`, `modelid`, `equipment_id`, `position_x`, `position_y`, `position_z`, `orientation`, `spawntimesecs`, `spawndist`, `currentwaypoint`, `curhealth`, `curmana`, `DeathState`, `MovementType`, `spawnFlags`) VALUES ('2000049', '900033', '429', '0', '105', '34.5834', '168.045', '-3.47687', '6.15181', '25', '5', '0', '3077', '0', '0', '0', '0');
INSERT INTO `creature` (`guid`, `id`, `map`, `modelid`, `equipment_id`, `position_x`, `position_y`, `position_z`, `orientation`, `spawntimesecs`, `spawndist`, `currentwaypoint`, `curhealth`, `curmana`, `DeathState`, `MovementType`, `spawnFlags`) VALUES ('2000050', '900033', '429', '0', '105', '47.2801', '-166.722', '-2.71436', '0.047131', '25', '5', '0', '3077', '0', '0', '0', '0');
-- 副本辅导员出售物品
INSERT INTO `npc_vendor` (`entry`, `item`, `maxcount`, `incrtime`) VALUES ('900029', '100011', '0', '0');
INSERT INTO `npc_vendor` (`entry`, `item`, `maxcount`, `incrtime`) VALUES ('900029', '100016', '0', '0');
INSERT INTO `npc_vendor` (`entry`, `item`, `maxcount`, `incrtime`) VALUES ('900030', '100012', '0', '0');
INSERT INTO `npc_vendor` (`entry`, `item`, `maxcount`, `incrtime`) VALUES ('900030', '100016', '0', '0');
INSERT INTO `npc_vendor` (`entry`, `item`, `maxcount`, `incrtime`) VALUES ('900031', '100013', '0', '0');
INSERT INTO `npc_vendor` (`entry`, `item`, `maxcount`, `incrtime`) VALUES ('900031', '100016', '0', '0');
INSERT INTO `npc_vendor` (`entry`, `item`, `maxcount`, `incrtime`) VALUES ('900032', '100014', '0', '0');
INSERT INTO `npc_vendor` (`entry`, `item`, `maxcount`, `incrtime`) VALUES ('900032', '100016', '0', '0');
INSERT INTO `npc_vendor` (`entry`, `item`, `maxcount`, `incrtime`) VALUES ('900033', '100015', '0', '0');
INSERT INTO `npc_vendor` (`entry`, `item`, `maxcount`, `incrtime`) VALUES ('900033', '100016', '0', '0');
-- 刷本物品
INSERT INTO `item_template` (`entry`, `class`, `subclass`, `name`, `displayid`, `Quality`, `Flags`, `BuyCount`, `BuyPrice`, `SellPrice`, `InventoryType`, `AllowableClass`, `AllowableRace`, `ItemLevel`, `RequiredLevel`, `RequiredSkill`, `RequiredSkillRank`, `requiredspell`, `requiredhonorrank`, `RequiredCityRank`, `RequiredReputationFaction`, `RequiredReputationRank`, `maxcount`, `stackable`, `ContainerSlots`, `stat_type1`, `stat_value1`, `stat_type2`, `stat_value2`, `stat_type3`, `stat_value3`, `stat_type4`, `stat_value4`, `stat_type5`, `stat_value5`, `stat_type6`, `stat_value6`, `stat_type7`, `stat_value7`, `stat_type8`, `stat_value8`, `stat_type9`, `stat_value9`, `stat_type10`, `stat_value10`, `dmg_min1`, `dmg_max1`, `dmg_type1`, `dmg_min2`, `dmg_max2`, `dmg_type2`, `dmg_min3`, `dmg_max3`, `dmg_type3`, `dmg_min4`, `dmg_max4`, `dmg_type4`, `dmg_min5`, `dmg_max5`, `dmg_type5`, `armor`, `holy_res`, `fire_res`, `nature_res`, `frost_res`, `shadow_res`, `arcane_res`, `delay`, `ammo_type`, `RangedModRange`, `spellid_1`, `spelltrigger_1`, `spellcharges_1`, `spellppmRate_1`, `spellcooldown_1`, `spellcategory_1`, `spellcategorycooldown_1`, `spellid_2`, `spelltrigger_2`, `spellcharges_2`, `spellppmRate_2`, `spellcooldown_2`, `spellcategory_2`, `spellcategorycooldown_2`, `spellid_3`, `spelltrigger_3`, `spellcharges_3`, `spellppmRate_3`, `spellcooldown_3`, `spellcategory_3`, `spellcategorycooldown_3`, `spellid_4`, `spelltrigger_4`, `spellcharges_4`, `spellppmRate_4`, `spellcooldown_4`, `spellcategory_4`, `spellcategorycooldown_4`, `spellid_5`, `spelltrigger_5`, `spellcharges_5`, `spellppmRate_5`, `spellcooldown_5`, `spellcategory_5`, `spellcategorycooldown_5`, `bonding`, `description`, `PageText`, `LanguageID`, `PageMaterial`, `startquest`, `lockid`, `Material`, `sheath`, `RandomProperty`, `block`, `itemset`, `MaxDurability`, `area`, `Map`, `BagFamily`, `ScriptName`, `DisenchantID`, `FoodType`, `minMoneyLoot`, `maxMoneyLoot`, `Duration`, `ExtraFlags`, `OtherTeamEntry`) VALUES ('100011', '0', '0', '刷本衬衣【通灵学院】', '13056', '3', '0', '1', '1', '1', '4', '-1', '-1', '1', '0', '0', '0', '0', '0', '0', '0', '0', '0', '1', '0', '7', '5000', '5', '1000', '3', '5000', '4', '5000', '0', '0', '0', '0', '0', '0', '0', '0', '0', '0', '0', '0', '0', '0', '0', '0', '0', '0', '0', '0', '0', '0', '0', '0', '0', '0', '0', '0', '250', '250', '250', '250', '250', '250', '0', '0', '0', '31752', '1', '0', '0', '-1', '0', '-1', '0', '1', '0', '0', '-1', '0', '-1', '0', '1', '0', '0', '-1', '0', '-1', '0', '0', '0', '0', '-1', '0', '-1', '0', '0', '0', '0', '-1', '0', '-1', '1', '倍数衬衣', '0', '0', '0', '0', '0', '0', '0', '0', '0', '0', '0', '0', '289', '0', '', '0', '0', '0', '0', '0', '0', '1');
INSERT INTO `item_template` (`entry`, `class`, `subclass`, `name`, `displayid`, `Quality`, `Flags`, `BuyCount`, `BuyPrice`, `SellPrice`, `InventoryType`, `AllowableClass`, `AllowableRace`, `ItemLevel`, `RequiredLevel`, `RequiredSkill`, `RequiredSkillRank`, `requiredspell`, `requiredhonorrank`, `RequiredCityRank`, `RequiredReputationFaction`, `RequiredReputationRank`, `maxcount`, `stackable`, `ContainerSlots`, `stat_type1`, `stat_value1`, `stat_type2`, `stat_value2`, `stat_type3`, `stat_value3`, `stat_type4`, `stat_value4`, `stat_type5`, `stat_value5`, `stat_type6`, `stat_value6`, `stat_type7`, `stat_value7`, `stat_type8`, `stat_value8`, `stat_type9`, `stat_value9`, `stat_type10`, `stat_value10`, `dmg_min1`, `dmg_max1`, `dmg_type1`, `dmg_min2`, `dmg_max2`, `dmg_type2`, `dmg_min3`, `dmg_max3`, `dmg_type3`, `dmg_min4`, `dmg_max4`, `dmg_type4`, `dmg_min5`, `dmg_max5`, `dmg_type5`, `armor`, `holy_res`, `fire_res`, `nature_res`, `frost_res`, `shadow_res`, `arcane_res`, `delay`, `ammo_type`, `RangedModRange`, `spellid_1`, `spelltrigger_1`, `spellcharges_1`, `spellppmRate_1`, `spellcooldown_1`, `spellcategory_1`, `spellcategorycooldown_1`, `spellid_2`, `spelltrigger_2`, `spellcharges_2`, `spellppmRate_2`, `spellcooldown_2`, `spellcategory_2`, `spellcategorycooldown_2`, `spellid_3`, `spelltrigger_3`, `spellcharges_3`, `spellppmRate_3`, `spellcooldown_3`, `spellcategory_3`, `spellcategorycooldown_3`, `spellid_4`, `spelltrigger_4`, `spellcharges_4`, `spellppmRate_4`, `spellcooldown_4`, `spellcategory_4`, `spellcategorycooldown_4`, `spellid_5`, `spelltrigger_5`, `spellcharges_5`, `spellppmRate_5`, `spellcooldown_5`, `spellcategory_5`, `spellcategorycooldown_5`, `bonding`, `description`, `PageText`, `LanguageID`, `PageMaterial`, `startquest`, `lockid`, `Material`, `sheath`, `RandomProperty`, `block`, `itemset`, `MaxDurability`, `area`, `Map`, `BagFamily`, `ScriptName`, `DisenchantID`, `FoodType`, `minMoneyLoot`, `maxMoneyLoot`, `Duration`, `ExtraFlags`, `OtherTeamEntry`) VALUES ('100012', '0', '0', '刷本衬衣【斯坦索姆】', '13056', '3', '0', '1', '1', '1', '4', '-1', '-1', '1', '0', '0', '0', '0', '0', '0', '0', '0', '0', '1', '0', '7', '5000', '5', '1000', '3', '5000', '4', '5000', '0', '0', '0', '0', '0', '0', '0', '0', '0', '0', '0', '0', '0', '0', '0', '0', '0', '0', '0', '0', '0', '0', '0', '0', '0', '0', '0', '0', '250', '250', '250', '250', '250', '250', '0', '0', '0', '31752', '1', '0', '0', '-1', '0', '-1', '0', '1', '0', '0', '-1', '0', '-1', '0', '1', '0', '0', '-1', '0', '-1', '0', '0', '0', '0', '-1', '0', '-1', '0', '0', '0', '0', '-1', '0', '-1', '1', '倍数衬衣', '0', '0', '0', '0', '0', '0', '0', '0', '0', '0', '0', '0', '329', '0', '', '0', '0', '0', '0', '0', '0', '1');
INSERT INTO `item_template` (`entry`, `class`, `subclass`, `name`, `displayid`, `Quality`, `Flags`, `BuyCount`, `BuyPrice`, `SellPrice`, `InventoryType`, `AllowableClass`, `AllowableRace`, `ItemLevel`, `RequiredLevel`, `RequiredSkill`, `RequiredSkillRank`, `requiredspell`, `requiredhonorrank`, `RequiredCityRank`, `RequiredReputationFaction`, `RequiredReputationRank`, `maxcount`, `stackable`, `ContainerSlots`, `stat_type1`, `stat_value1`, `stat_type2`, `stat_value2`, `stat_type3`, `stat_value3`, `stat_type4`, `stat_value4`, `stat_type5`, `stat_value5`, `stat_type6`, `stat_value6`, `stat_type7`, `stat_value7`, `stat_type8`, `stat_value8`, `stat_type9`, `stat_value9`, `stat_type10`, `stat_value10`, `dmg_min1`, `dmg_max1`, `dmg_type1`, `dmg_min2`, `dmg_max2`, `dmg_type2`, `dmg_min3`, `dmg_max3`, `dmg_type3`, `dmg_min4`, `dmg_max4`, `dmg_type4`, `dmg_min5`, `dmg_max5`, `dmg_type5`, `armor`, `holy_res`, `fire_res`, `nature_res`, `frost_res`, `shadow_res`, `arcane_res`, `delay`, `ammo_type`, `RangedModRange`, `spellid_1`, `spelltrigger_1`, `spellcharges_1`, `spellppmRate_1`, `spellcooldown_1`, `spellcategory_1`, `spellcategorycooldown_1`, `spellid_2`, `spelltrigger_2`, `spellcharges_2`, `spellppmRate_2`, `spellcooldown_2`, `spellcategory_2`, `spellcategorycooldown_2`, `spellid_3`, `spelltrigger_3`, `spellcharges_3`, `spellppmRate_3`, `spellcooldown_3`, `spellcategory_3`, `spellcategorycooldown_3`, `spellid_4`, `spelltrigger_4`, `spellcharges_4`, `spellppmRate_4`, `spellcooldown_4`, `spellcategory_4`, `spellcategorycooldown_4`, `spellid_5`, `spelltrigger_5`, `spellcharges_5`, `spellppmRate_5`, `spellcooldown_5`, `spellcategory_5`, `spellcategorycooldown_5`, `bonding`, `description`, `PageText`, `LanguageID`, `PageMaterial`, `startquest`, `lockid`, `Material`, `sheath`, `RandomProperty`, `block`, `itemset`, `MaxDurability`, `area`, `Map`, `BagFamily`, `ScriptName`, `DisenchantID`, `FoodType`, `minMoneyLoot`, `maxMoneyLoot`, `Duration`, `ExtraFlags`, `OtherTeamEntry`) VALUES ('100013', '0', '0', '刷本衬衣【黑石深渊】', '13056', '3', '0', '1', '1', '1', '4', '-1', '-1', '1', '0', '0', '0', '0', '0', '0', '0', '0', '0', '1', '0', '7', '5000', '5', '1000', '3', '5000', '4', '5000', '0', '0', '0', '0', '0', '0', '0', '0', '0', '0', '0', '0', '0', '0', '0', '0', '0', '0', '0', '0', '0', '0', '0', '0', '0', '0', '0', '0', '250', '250', '250', '250', '250', '250', '0', '0', '0', '31752', '1', '0', '0', '-1', '0', '-1', '0', '1', '0', '0', '-1', '0', '-1', '0', '1', '0', '0', '-1', '0', '-1', '0', '0', '0', '0', '-1', '0', '-1', '0', '0', '0', '0', '-1', '0', '-1', '1', '倍数衬衣', '0', '0', '0', '0', '0', '0', '0', '0', '0', '0', '0', '0', '48', '0', '', '0', '0', '0', '0', '0', '0', '1');
INSERT INTO `item_template` (`entry`, `class`, `subclass`, `name`, `displayid`, `Quality`, `Flags`, `BuyCount`, `BuyPrice`, `SellPrice`, `InventoryType`, `AllowableClass`, `AllowableRace`, `ItemLevel`, `RequiredLevel`, `RequiredSkill`, `RequiredSkillRank`, `requiredspell`, `requiredhonorrank`, `RequiredCityRank`, `RequiredReputationFaction`, `RequiredReputationRank`, `maxcount`, `stackable`, `ContainerSlots`, `stat_type1`, `stat_value1`, `stat_type2`, `stat_value2`, `stat_type3`, `stat_value3`, `stat_type4`, `stat_value4`, `stat_type5`, `stat_value5`, `stat_type6`, `stat_value6`, `stat_type7`, `stat_value7`, `stat_type8`, `stat_value8`, `stat_type9`, `stat_value9`, `stat_type10`, `stat_value10`, `dmg_min1`, `dmg_max1`, `dmg_type1`, `dmg_min2`, `dmg_max2`, `dmg_type2`, `dmg_min3`, `dmg_max3`, `dmg_type3`, `dmg_min4`, `dmg_max4`, `dmg_type4`, `dmg_min5`, `dmg_max5`, `dmg_type5`, `armor`, `holy_res`, `fire_res`, `nature_res`, `frost_res`, `shadow_res`, `arcane_res`, `delay`, `ammo_type`, `RangedModRange`, `spellid_1`, `spelltrigger_1`, `spellcharges_1`, `spellppmRate_1`, `spellcooldown_1`, `spellcategory_1`, `spellcategorycooldown_1`, `spellid_2`, `spelltrigger_2`, `spellcharges_2`, `spellppmRate_2`, `spellcooldown_2`, `spellcategory_2`, `spellcategorycooldown_2`, `spellid_3`, `spelltrigger_3`, `spellcharges_3`, `spellppmRate_3`, `spellcooldown_3`, `spellcategory_3`, `spellcategorycooldown_3`, `spellid_4`, `spelltrigger_4`, `spellcharges_4`, `spellppmRate_4`, `spellcooldown_4`, `spellcategory_4`, `spellcategorycooldown_4`, `spellid_5`, `spelltrigger_5`, `spellcharges_5`, `spellppmRate_5`, `spellcooldown_5`, `spellcategory_5`, `spellcategorycooldown_5`, `bonding`, `description`, `PageText`, `LanguageID`, `PageMaterial`, `startquest`, `lockid`, `Material`, `sheath`, `RandomProperty`, `block`, `itemset`, `MaxDurability`, `area`, `Map`, `BagFamily`, `ScriptName`, `DisenchantID`, `FoodType`, `minMoneyLoot`, `maxMoneyLoot`, `Duration`, `ExtraFlags`, `OtherTeamEntry`) VALUES ('100014', '0', '0', '刷本衬衣【黑石塔】', '13056', '3', '0', '1', '1', '1', '4', '-1', '-1', '1', '0', '0', '0', '0', '0', '0', '0', '0', '0', '1', '0', '7', '5000', '5', '1000', '3', '5000', '4', '5000', '0', '0', '0', '0', '0', '0', '0', '0', '0', '0', '0', '0', '0', '0', '0', '0', '0', '0', '0', '0', '0', '0', '0', '0', '0', '0', '0', '0', '250', '250', '250', '250', '250', '250', '0', '0', '0', '31752', '1', '0', '0', '-1', '0', '-1', '0', '1', '0', '0', '-1', '0', '-1', '0', '1', '0', '0', '-1', '0', '-1', '0', '0', '0', '0', '-1', '0', '-1', '0', '0', '0', '0', '-1', '0', '-1', '1', '倍数衬衣', '0', '0', '0', '0', '0', '0', '0', '0', '0', '0', '0', '0', '229', '0', '', '0', '0', '0', '0', '0', '0', '1');
INSERT INTO `item_template` (`entry`, `class`, `subclass`, `name`, `displayid`, `Quality`, `Flags`, `BuyCount`, `BuyPrice`, `SellPrice`, `InventoryType`, `AllowableClass`, `AllowableRace`, `ItemLevel`, `RequiredLevel`, `RequiredSkill`, `RequiredSkillRank`, `requiredspell`, `requiredhonorrank`, `RequiredCityRank`, `RequiredReputationFaction`, `RequiredReputationRank`, `maxcount`, `stackable`, `ContainerSlots`, `stat_type1`, `stat_value1`, `stat_type2`, `stat_value2`, `stat_type3`, `stat_value3`, `stat_type4`, `stat_value4`, `stat_type5`, `stat_value5`, `stat_type6`, `stat_value6`, `stat_type7`, `stat_value7`, `stat_type8`, `stat_value8`, `stat_type9`, `stat_value9`, `stat_type10`, `stat_value10`, `dmg_min1`, `dmg_max1`, `dmg_type1`, `dmg_min2`, `dmg_max2`, `dmg_type2`, `dmg_min3`, `dmg_max3`, `dmg_type3`, `dmg_min4`, `dmg_max4`, `dmg_type4`, `dmg_min5`, `dmg_max5`, `dmg_type5`, `armor`, `holy_res`, `fire_res`, `nature_res`, `frost_res`, `shadow_res`, `arcane_res`, `delay`, `ammo_type`, `RangedModRange`, `spellid_1`, `spelltrigger_1`, `spellcharges_1`, `spellppmRate_1`, `spellcooldown_1`, `spellcategory_1`, `spellcategorycooldown_1`, `spellid_2`, `spelltrigger_2`, `spellcharges_2`, `spellppmRate_2`, `spellcooldown_2`, `spellcategory_2`, `spellcategorycooldown_2`, `spellid_3`, `spelltrigger_3`, `spellcharges_3`, `spellppmRate_3`, `spellcooldown_3`, `spellcategory_3`, `spellcategorycooldown_3`, `spellid_4`, `spelltrigger_4`, `spellcharges_4`, `spellppmRate_4`, `spellcooldown_4`, `spellcategory_4`, `spellcategorycooldown_4`, `spellid_5`, `spelltrigger_5`, `spellcharges_5`, `spellppmRate_5`, `spellcooldown_5`, `spellcategory_5`, `spellcategorycooldown_5`, `bonding`, `description`, `PageText`, `LanguageID`, `PageMaterial`, `startquest`, `lockid`, `Material`, `sheath`, `RandomProperty`, `block`, `itemset`, `MaxDurability`, `area`, `Map`, `BagFamily`, `ScriptName`, `DisenchantID`, `FoodType`, `minMoneyLoot`, `maxMoneyLoot`, `Duration`, `ExtraFlags`, `OtherTeamEntry`) VALUES ('100015', '0', '0', '刷本衬衣【厄运之槌】', '13056', '3', '0', '1', '1', '1', '4', '-1', '-1', '1', '0', '0', '0', '0', '0', '0', '0', '0', '0', '1', '0', '7', '5000', '5', '1000', '3', '5000', '4', '5000', '0', '0', '0', '0', '0', '0', '0', '0', '0', '0', '0', '0', '0', '0', '0', '0', '0', '0', '0', '0', '0', '0', '0', '0', '0', '0', '0', '0', '250', '250', '250', '250', '250', '250', '0', '0', '0', '31752', '1', '0', '0', '-1', '0', '-1', '0', '1', '0', '0', '-1', '0', '-1', '0', '1', '0', '0', '-1', '0', '-1', '0', '0', '0', '0', '-1', '0', '-1', '0', '0', '0', '0', '-1', '0', '-1', '1', '倍数衬衣', '0', '0', '0', '0', '0', '0', '0', '0', '0', '0', '0', '0', '429', '0', '', '0', '0', '0', '0', '0', '0', '1');
INSERT INTO `item_template` (`entry`, `class`, `subclass`, `name`, `displayid`, `Quality`, `Flags`, `BuyCount`, `BuyPrice`, `SellPrice`, `InventoryType`, `AllowableClass`, `AllowableRace`, `ItemLevel`, `RequiredLevel`, `RequiredSkill`, `RequiredSkillRank`, `requiredspell`, `requiredhonorrank`, `RequiredCityRank`, `RequiredReputationFaction`, `RequiredReputationRank`, `maxcount`, `stackable`, `ContainerSlots`, `stat_type1`, `stat_value1`, `stat_type2`, `stat_value2`, `stat_type3`, `stat_value3`, `stat_type4`, `stat_value4`, `stat_type5`, `stat_value5`, `stat_type6`, `stat_value6`, `stat_type7`, `stat_value7`, `stat_type8`, `stat_value8`, `stat_type9`, `stat_value9`, `stat_type10`, `stat_value10`, `dmg_min1`, `dmg_max1`, `dmg_type1`, `dmg_min2`, `dmg_max2`, `dmg_type2`, `dmg_min3`, `dmg_max3`, `dmg_type3`, `dmg_min4`, `dmg_max4`, `dmg_type4`, `dmg_min5`, `dmg_max5`, `dmg_type5`, `armor`, `holy_res`, `fire_res`, `nature_res`, `frost_res`, `shadow_res`, `arcane_res`, `delay`, `ammo_type`, `RangedModRange`, `spellid_1`, `spelltrigger_1`, `spellcharges_1`, `spellppmRate_1`, `spellcooldown_1`, `spellcategory_1`, `spellcategorycooldown_1`, `spellid_2`, `spelltrigger_2`, `spellcharges_2`, `spellppmRate_2`, `spellcooldown_2`, `spellcategory_2`, `spellcategorycooldown_2`, `spellid_3`, `spelltrigger_3`, `spellcharges_3`, `spellppmRate_3`, `spellcooldown_3`, `spellcategory_3`, `spellcategorycooldown_3`, `spellid_4`, `spelltrigger_4`, `spellcharges_4`, `spellppmRate_4`, `spellcooldown_4`, `spellcategory_4`, `spellcategorycooldown_4`, `spellid_5`, `spelltrigger_5`, `spellcharges_5`, `spellppmRate_5`, `spellcooldown_5`, `spellcategory_5`, `spellcategorycooldown_5`, `bonding`, `description`, `PageText`, `LanguageID`, `PageMaterial`, `startquest`, `lockid`, `Material`, `sheath`, `RandomProperty`, `block`, `itemset`, `MaxDurability`, `area`, `Map`, `BagFamily`, `ScriptName`, `DisenchantID`, `FoodType`, `minMoneyLoot`, `maxMoneyLoot`, `Duration`, `ExtraFlags`, `OtherTeamEntry`) VALUES ('100016', '0', '0', '超级食物', '33681', '1', '0', '1', '1', '1', '0', '-1', '-1', '65', '40', '0', '0', '0', '0', '0', '0', '0', '0', '20', '0', '0', '0', '0', '0', '0', '0', '0', '0', '0', '0', '0', '0', '0', '0', '0', '0', '0', '0', '0', '0', '0', '0', '0', '0', '0', '0', '0', '0', '0', '0', '0', '0', '0', '0', '0', '0', '0', '0', '0', '0', '0', '0', '0', '0', '0', '25990', '0', '0', '0', '-1', '0', '-1', '0', '0', '0', '0', '-1', '0', '-1', '0', '0', '0', '0', '-1', '0', '-1', '0', '0', '0', '0', '-1', '0', '-1', '0', '0', '0', '0', '0', '0', '0', '1', '加入了格拉库的密制香料！保质期很长很长……', '0', '0', '0', '0', '0', '0', '0', '0', '0', '0', '0', '0', '289', '0', '', '0', '0', '0', '0', '0', '0', '1');
-- 超级包包
INSERT INTO `item_template` (`entry`, `class`, `subclass`, `name`, `displayid`, `Quality`, `Flags`, `BuyCount`, `BuyPrice`, `SellPrice`, `InventoryType`, `AllowableClass`, `AllowableRace`, `ItemLevel`, `RequiredLevel`, `RequiredSkill`, `RequiredSkillRank`, `requiredspell`, `requiredhonorrank`, `RequiredCityRank`, `RequiredReputationFaction`, `RequiredReputationRank`, `maxcount`, `stackable`, `ContainerSlots`, `stat_type1`, `stat_value1`, `stat_type2`, `stat_value2`, `stat_type3`, `stat_value3`, `stat_type4`, `stat_value4`, `stat_type5`, `stat_value5`, `stat_type6`, `stat_value6`, `stat_type7`, `stat_value7`, `stat_type8`, `stat_value8`, `stat_type9`, `stat_value9`, `stat_type10`, `stat_value10`, `dmg_min1`, `dmg_max1`, `dmg_type1`, `dmg_min2`, `dmg_max2`, `dmg_type2`, `dmg_min3`, `dmg_max3`, `dmg_type3`, `dmg_min4`, `dmg_max4`, `dmg_type4`, `dmg_min5`, `dmg_max5`, `dmg_type5`, `armor`, `holy_res`, `fire_res`, `nature_res`, `frost_res`, `shadow_res`, `arcane_res`, `delay`, `ammo_type`, `RangedModRange`, `spellid_1`, `spelltrigger_1`, `spellcharges_1`, `spellppmRate_1`, `spellcooldown_1`, `spellcategory_1`, `spellcategorycooldown_1`, `spellid_2`, `spelltrigger_2`, `spellcharges_2`, `spellppmRate_2`, `spellcooldown_2`, `spellcategory_2`, `spellcategorycooldown_2`, `spellid_3`, `spelltrigger_3`, `spellcharges_3`, `spellppmRate_3`, `spellcooldown_3`, `spellcategory_3`, `spellcategorycooldown_3`, `spellid_4`, `spelltrigger_4`, `spellcharges_4`, `spellppmRate_4`, `spellcooldown_4`, `spellcategory_4`, `spellcategorycooldown_4`, `spellid_5`, `spelltrigger_5`, `spellcharges_5`, `spellppmRate_5`, `spellcooldown_5`, `spellcategory_5`, `spellcategorycooldown_5`, `bonding`, `description`, `PageText`, `LanguageID`, `PageMaterial`, `startquest`, `lockid`, `Material`, `sheath`, `RandomProperty`, `block`, `itemset`, `MaxDurability`, `area`, `Map`, `BagFamily`, `ScriptName`, `DisenchantID`, `FoodType`, `minMoneyLoot`, `maxMoneyLoot`, `Duration`, `ExtraFlags`, `OtherTeamEntry`) VALUES ('100017', '1', '0', '超级包包', '6430', '4', '0', '10', '0', '0', '18', '-1', '-1', '62', '0', '0', '0', '0', '0', '0', '0', '0', '0', '1', '28', '0', '0', '0', '0', '0', '0', '0', '0', '0', '0', '0', '0', '0', '0', '0', '0', '0', '0', '0', '0', '0', '0', '0', '0', '0', '0', '0', '0', '0', '0', '0', '0', '0', '0', '0', '0', '0', '0', '0', '0', '0', '0', '1000', '0', '0', '0', '0', '0', '0', '-1', '0', '-1', '0', '0', '0', '0', '-1', '0', '-1', '0', '0', '0', '0', '-1', '0', '-1', '0', '0', '0', '0', '-1', '0', '-1', '0', '0', '0', '0', '-1', '0', '-1', '1', '端午节日奖品', '0', '0', '0', '0', '0', '8', '0', '0', '0', '0', '0', '0', '0', '0', '', '0', '0', '0', '0', '0', '0', '1');
-- 出身物品
INSERT INTO `playercreateinfo_item` (`race`, `class`, `itemid`, `amount`) VALUES ('1', '1', '300001', '1');
INSERT INTO `playercreateinfo_item` (`race`, `class`, `itemid`, `amount`) VALUES ('1', '1', '300002', '1');
INSERT INTO `playercreateinfo_item` (`race`, `class`, `itemid`, `amount`) VALUES ('1', '1', '200001', '1');
INSERT INTO `playercreateinfo_item` (`race`, `class`, `itemid`, `amount`) VALUES ('2', '1', '300001', '1');
INSERT INTO `playercreateinfo_item` (`race`, `class`, `itemid`, `amount`) VALUES ('2', '1', '300002', '1');
INSERT INTO `playercreateinfo_item` (`race`, `class`, `itemid`, `amount`) VALUES ('2', '1', '200001', '1');
INSERT INTO `playercreateinfo_item` (`race`, `class`, `itemid`, `amount`) VALUES ('3', '1', '300001', '1');
INSERT INTO `playercreateinfo_item` (`race`, `class`, `itemid`, `amount`) VALUES ('3', '1', '300002', '1');
INSERT INTO `playercreateinfo_item` (`race`, `class`, `itemid`, `amount`) VALUES ('3', '1', '200001', '1');
INSERT INTO `playercreateinfo_item` (`race`, `class`, `itemid`, `amount`) VALUES ('4', '1', '300001', '1');
INSERT INTO `playercreateinfo_item` (`race`, `class`, `itemid`, `amount`) VALUES ('4', '1', '300002', '1');
INSERT INTO `playercreateinfo_item` (`race`, `class`, `itemid`, `amount`) VALUES ('4', '1', '200001', '1');
INSERT INTO `playercreateinfo_item` (`race`, `class`, `itemid`, `amount`) VALUES ('5', '1', '300001', '1');
INSERT INTO `playercreateinfo_item` (`race`, `class`, `itemid`, `amount`) VALUES ('5', '1', '300002', '1');
INSERT INTO `playercreateinfo_item` (`race`, `class`, `itemid`, `amount`) VALUES ('5', '1', '200001', '1');
INSERT INTO `playercreateinfo_item` (`race`, `class`, `itemid`, `amount`) VALUES ('6', '1', '300001', '1');
INSERT INTO `playercreateinfo_item` (`race`, `class`, `itemid`, `amount`) VALUES ('6', '1', '300002', '1');
INSERT INTO `playercreateinfo_item` (`race`, `class`, `itemid`, `amount`) VALUES ('6', '1', '200001', '1');
INSERT INTO `playercreateinfo_item` (`race`, `class`, `itemid`, `amount`) VALUES ('7', '1', '300001', '1');
INSERT INTO `playercreateinfo_item` (`race`, `class`, `itemid`, `amount`) VALUES ('7', '1', '300002', '1');
INSERT INTO `playercreateinfo_item` (`race`, `class`, `itemid`, `amount`) VALUES ('7', '1', '200001', '1');
INSERT INTO `playercreateinfo_item` (`race`, `class`, `itemid`, `amount`) VALUES ('8', '1', '300001', '1');
INSERT INTO `playercreateinfo_item` (`race`, `class`, `itemid`, `amount`) VALUES ('8', '1', '300002', '1');
INSERT INTO `playercreateinfo_item` (`race`, `class`, `itemid`, `amount`) VALUES ('8', '1', '200001', '1');
INSERT INTO `playercreateinfo_item` (`race`, `class`, `itemid`, `amount`) VALUES ('1', '2', '300001', '1');
INSERT INTO `playercreateinfo_item` (`race`, `class`, `itemid`, `amount`) VALUES ('1', '2', '300002', '1');
INSERT INTO `playercreateinfo_item` (`race`, `class`, `itemid`, `amount`) VALUES ('1', '2', '200002', '1');
INSERT INTO `playercreateinfo_item` (`race`, `class`, `itemid`, `amount`) VALUES ('3', '2', '300001', '1');
INSERT INTO `playercreateinfo_item` (`race`, `class`, `itemid`, `amount`) VALUES ('3', '2', '300002', '1');
INSERT INTO `playercreateinfo_item` (`race`, `class`, `itemid`, `amount`) VALUES ('3', '2', '200002', '1');
INSERT INTO `playercreateinfo_item` (`race`, `class`, `itemid`, `amount`) VALUES ('4', '3', '300001', '1');
INSERT INTO `playercreateinfo_item` (`race`, `class`, `itemid`, `amount`) VALUES ('4', '3', '300002', '1');
INSERT INTO `playercreateinfo_item` (`race`, `class`, `itemid`, `amount`) VALUES ('4', '3', '200003', '1');
INSERT INTO `playercreateinfo_item` (`race`, `class`, `itemid`, `amount`) VALUES ('3', '3', '300001', '1');
INSERT INTO `playercreateinfo_item` (`race`, `class`, `itemid`, `amount`) VALUES ('3', '3', '300002', '1');
INSERT INTO `playercreateinfo_item` (`race`, `class`, `itemid`, `amount`) VALUES ('3', '3', '200003', '1');
INSERT INTO `playercreateinfo_item` (`race`, `class`, `itemid`, `amount`) VALUES ('2', '3', '300001', '1');
INSERT INTO `playercreateinfo_item` (`race`, `class`, `itemid`, `amount`) VALUES ('2', '3', '300002', '1');
INSERT INTO `playercreateinfo_item` (`race`, `class`, `itemid`, `amount`) VALUES ('2', '3', '200003', '1');
INSERT INTO `playercreateinfo_item` (`race`, `class`, `itemid`, `amount`) VALUES ('8', '3', '300001', '1');
INSERT INTO `playercreateinfo_item` (`race`, `class`, `itemid`, `amount`) VALUES ('8', '3', '300002', '1');
INSERT INTO `playercreateinfo_item` (`race`, `class`, `itemid`, `amount`) VALUES ('8', '3', '200003', '1');
INSERT INTO `playercreateinfo_item` (`race`, `class`, `itemid`, `amount`) VALUES ('6', '3', '300001', '1');
INSERT INTO `playercreateinfo_item` (`race`, `class`, `itemid`, `amount`) VALUES ('6', '3', '300002', '1');
INSERT INTO `playercreateinfo_item` (`race`, `class`, `itemid`, `amount`) VALUES ('6', '3', '200003', '1');
INSERT INTO `playercreateinfo_item` (`race`, `class`, `itemid`, `amount`) VALUES ('1', '4', '300001', '1');
INSERT INTO `playercreateinfo_item` (`race`, `class`, `itemid`, `amount`) VALUES ('1', '4', '300002', '1');
INSERT INTO `playercreateinfo_item` (`race`, `class`, `itemid`, `amount`) VALUES ('1', '4', '200004', '1');
INSERT INTO `playercreateinfo_item` (`race`, `class`, `itemid`, `amount`) VALUES ('4', '4', '300001', '1');
INSERT INTO `playercreateinfo_item` (`race`, `class`, `itemid`, `amount`) VALUES ('4', '4', '300002', '1');
INSERT INTO `playercreateinfo_item` (`race`, `class`, `itemid`, `amount`) VALUES ('4', '4', '200004', '1');
INSERT INTO `playercreateinfo_item` (`race`, `class`, `itemid`, `amount`) VALUES ('3', '4', '300001', '1');
INSERT INTO `playercreateinfo_item` (`race`, `class`, `itemid`, `amount`) VALUES ('3', '4', '300002', '1');
INSERT INTO `playercreateinfo_item` (`race`, `class`, `itemid`, `amount`) VALUES ('3', '4', '200004', '1');
INSERT INTO `playercreateinfo_item` (`race`, `class`, `itemid`, `amount`) VALUES ('7', '4', '300001', '1');
INSERT INTO `playercreateinfo_item` (`race`, `class`, `itemid`, `amount`) VALUES ('7', '4', '300002', '1');
INSERT INTO `playercreateinfo_item` (`race`, `class`, `itemid`, `amount`) VALUES ('7', '4', '200004', '1');
INSERT INTO `playercreateinfo_item` (`race`, `class`, `itemid`, `amount`) VALUES ('5', '4', '300001', '1');
INSERT INTO `playercreateinfo_item` (`race`, `class`, `itemid`, `amount`) VALUES ('5', '4', '300002', '1');
INSERT INTO `playercreateinfo_item` (`race`, `class`, `itemid`, `amount`) VALUES ('5', '4', '200004', '1');
INSERT INTO `playercreateinfo_item` (`race`, `class`, `itemid`, `amount`) VALUES ('2', '4', '300001', '1');
INSERT INTO `playercreateinfo_item` (`race`, `class`, `itemid`, `amount`) VALUES ('2', '4', '300002', '1');
INSERT INTO `playercreateinfo_item` (`race`, `class`, `itemid`, `amount`) VALUES ('2', '4', '200004', '1');
INSERT INTO `playercreateinfo_item` (`race`, `class`, `itemid`, `amount`) VALUES ('8', '4', '300001', '1');
INSERT INTO `playercreateinfo_item` (`race`, `class`, `itemid`, `amount`) VALUES ('8', '4', '300002', '1');
INSERT INTO `playercreateinfo_item` (`race`, `class`, `itemid`, `amount`) VALUES ('8', '4', '200004', '1');
INSERT INTO `playercreateinfo_item` (`race`, `class`, `itemid`, `amount`) VALUES ('4', '11', '300001', '1');
INSERT INTO `playercreateinfo_item` (`race`, `class`, `itemid`, `amount`) VALUES ('4', '11', '300002', '1');
INSERT INTO `playercreateinfo_item` (`race`, `class`, `itemid`, `amount`) VALUES ('4', '11', '200009', '1');
INSERT INTO `playercreateinfo_item` (`race`, `class`, `itemid`, `amount`) VALUES ('6', '11', '300001', '1');
INSERT INTO `playercreateinfo_item` (`race`, `class`, `itemid`, `amount`) VALUES ('6', '11', '300002', '1');
INSERT INTO `playercreateinfo_item` (`race`, `class`, `itemid`, `amount`) VALUES ('6', '11', '200009', '1');
INSERT INTO `playercreateinfo_item` (`race`, `class`, `itemid`, `amount`) VALUES ('2', '7', '300001', '1');
INSERT INTO `playercreateinfo_item` (`race`, `class`, `itemid`, `amount`) VALUES ('2', '7', '300002', '1');
INSERT INTO `playercreateinfo_item` (`race`, `class`, `itemid`, `amount`) VALUES ('2', '7', '200006', '1');
INSERT INTO `playercreateinfo_item` (`race`, `class`, `itemid`, `amount`) VALUES ('8', '7', '300001', '1');
INSERT INTO `playercreateinfo_item` (`race`, `class`, `itemid`, `amount`) VALUES ('8', '7', '300002', '1');
INSERT INTO `playercreateinfo_item` (`race`, `class`, `itemid`, `amount`) VALUES ('8', '7', '200006', '1');
INSERT INTO `playercreateinfo_item` (`race`, `class`, `itemid`, `amount`) VALUES ('6', '7', '300001', '1');
INSERT INTO `playercreateinfo_item` (`race`, `class`, `itemid`, `amount`) VALUES ('6', '7', '300002', '1');
INSERT INTO `playercreateinfo_item` (`race`, `class`, `itemid`, `amount`) VALUES ('6', '7', '200006', '1');
INSERT INTO `playercreateinfo_item` (`race`, `class`, `itemid`, `amount`) VALUES ('1', '5', '300001', '1');
INSERT INTO `playercreateinfo_item` (`race`, `class`, `itemid`, `amount`) VALUES ('1', '5', '300002', '1');
INSERT INTO `playercreateinfo_item` (`race`, `class`, `itemid`, `amount`) VALUES ('1', '5', '200005', '1');
INSERT INTO `playercreateinfo_item` (`race`, `class`, `itemid`, `amount`) VALUES ('4', '5', '300001', '1');
INSERT INTO `playercreateinfo_item` (`race`, `class`, `itemid`, `amount`) VALUES ('4', '5', '300002', '1');
INSERT INTO `playercreateinfo_item` (`race`, `class`, `itemid`, `amount`) VALUES ('4', '5', '200005', '1');
INSERT INTO `playercreateinfo_item` (`race`, `class`, `itemid`, `amount`) VALUES ('3', '5', '300001', '1');
INSERT INTO `playercreateinfo_item` (`race`, `class`, `itemid`, `amount`) VALUES ('3', '5', '300002', '1');
INSERT INTO `playercreateinfo_item` (`race`, `class`, `itemid`, `amount`) VALUES ('3', '5', '200005', '1');
INSERT INTO `playercreateinfo_item` (`race`, `class`, `itemid`, `amount`) VALUES ('5', '5', '300001', '1');
INSERT INTO `playercreateinfo_item` (`race`, `class`, `itemid`, `amount`) VALUES ('5', '5', '300002', '1');
INSERT INTO `playercreateinfo_item` (`race`, `class`, `itemid`, `amount`) VALUES ('5', '5', '200005', '1');
INSERT INTO `playercreateinfo_item` (`race`, `class`, `itemid`, `amount`) VALUES ('8', '5', '300001', '1');
INSERT INTO `playercreateinfo_item` (`race`, `class`, `itemid`, `amount`) VALUES ('8', '5', '300002', '1');
INSERT INTO `playercreateinfo_item` (`race`, `class`, `itemid`, `amount`) VALUES ('8', '5', '200005', '1');
INSERT INTO `playercreateinfo_item` (`race`, `class`, `itemid`, `amount`) VALUES ('1', '8', '300001', '1');
INSERT INTO `playercreateinfo_item` (`race`, `class`, `itemid`, `amount`) VALUES ('1', '8', '300002', '1');
INSERT INTO `playercreateinfo_item` (`race`, `class`, `itemid`, `amount`) VALUES ('1', '8', '200007', '1');
INSERT INTO `playercreateinfo_item` (`race`, `class`, `itemid`, `amount`) VALUES ('7', '8', '300001', '1');
INSERT INTO `playercreateinfo_item` (`race`, `class`, `itemid`, `amount`) VALUES ('7', '8', '300002', '1');
INSERT INTO `playercreateinfo_item` (`race`, `class`, `itemid`, `amount`) VALUES ('7', '8', '200007', '1');
INSERT INTO `playercreateinfo_item` (`race`, `class`, `itemid`, `amount`) VALUES ('5', '8', '300001', '1');
INSERT INTO `playercreateinfo_item` (`race`, `class`, `itemid`, `amount`) VALUES ('5', '8', '300002', '1');
INSERT INTO `playercreateinfo_item` (`race`, `class`, `itemid`, `amount`) VALUES ('5', '8', '200007', '1');
INSERT INTO `playercreateinfo_item` (`race`, `class`, `itemid`, `amount`) VALUES ('8', '8', '300001', '1');
INSERT INTO `playercreateinfo_item` (`race`, `class`, `itemid`, `amount`) VALUES ('8', '8', '300002', '1');
INSERT INTO `playercreateinfo_item` (`race`, `class`, `itemid`, `amount`) VALUES ('8', '8', '200007', '1');
INSERT INTO `playercreateinfo_item` (`race`, `class`, `itemid`, `amount`) VALUES ('11', '8', '300001', '1');
INSERT INTO `playercreateinfo_item` (`race`, `class`, `itemid`, `amount`) VALUES ('11', '8', '300002', '1');
INSERT INTO `playercreateinfo_item` (`race`, `class`, `itemid`, `amount`) VALUES ('11', '8', '200007', '1');
INSERT INTO `playercreateinfo_item` (`race`, `class`, `itemid`, `amount`) VALUES ('10', '8', '300001', '1');
INSERT INTO `playercreateinfo_item` (`race`, `class`, `itemid`, `amount`) VALUES ('10', '8', '300002', '1');
INSERT INTO `playercreateinfo_item` (`race`, `class`, `itemid`, `amount`) VALUES ('10', '8', '200007', '1');
INSERT INTO `playercreateinfo_item` (`race`, `class`, `itemid`, `amount`) VALUES ('1', '9', '300001', '1');
INSERT INTO `playercreateinfo_item` (`race`, `class`, `itemid`, `amount`) VALUES ('1', '9', '300002', '1');
INSERT INTO `playercreateinfo_item` (`race`, `class`, `itemid`, `amount`) VALUES ('1', '9', '200008', '1');
INSERT INTO `playercreateinfo_item` (`race`, `class`, `itemid`, `amount`) VALUES ('7', '9', '300001', '1');
INSERT INTO `playercreateinfo_item` (`race`, `class`, `itemid`, `amount`) VALUES ('7', '9', '300002', '1');
INSERT INTO `playercreateinfo_item` (`race`, `class`, `itemid`, `amount`) VALUES ('7', '9', '200008', '1');
INSERT INTO `playercreateinfo_item` (`race`, `class`, `itemid`, `amount`) VALUES ('5', '9', '300001', '1');
INSERT INTO `playercreateinfo_item` (`race`, `class`, `itemid`, `amount`) VALUES ('5', '9', '300002', '1');
INSERT INTO `playercreateinfo_item` (`race`, `class`, `itemid`, `amount`) VALUES ('5', '9', '200008', '1');
INSERT INTO `playercreateinfo_item` (`race`, `class`, `itemid`, `amount`) VALUES ('2', '9', '300001', '1');
INSERT INTO `playercreateinfo_item` (`race`, `class`, `itemid`, `amount`) VALUES ('2', '9', '300002', '1');
INSERT INTO `playercreateinfo_item` (`race`, `class`, `itemid`, `amount`) VALUES ('2', '9', '200008', '1');
INSERT INTO `playercreateinfo_item` (`race`, `class`, `itemid`, `amount`) VALUES ('10', '4', '300001', '1');
INSERT INTO `playercreateinfo_item` (`race`, `class`, `itemid`, `amount`) VALUES ('10', '4', '300002', '1');
INSERT INTO `playercreateinfo_item` (`race`, `class`, `itemid`, `amount`) VALUES ('10', '4', '200008', '1');
INSERT INTO `playercreateinfo_item` (`race`, `class`, `itemid`, `amount`) VALUES ('10', '3', '300001', '1');
INSERT INTO `playercreateinfo_item` (`race`, `class`, `itemid`, `amount`) VALUES ('10', '3', '300002', '1');
INSERT INTO `playercreateinfo_item` (`race`, `class`, `itemid`, `amount`) VALUES ('10', '3', '200003', '1');
INSERT INTO `playercreateinfo_item` (`race`, `class`, `itemid`, `amount`) VALUES ('11', '3', '300001', '1');
INSERT INTO `playercreateinfo_item` (`race`, `class`, `itemid`, `amount`) VALUES ('11', '3', '300002', '1');
INSERT INTO `playercreateinfo_item` (`race`, `class`, `itemid`, `amount`) VALUES ('11', '3', '200003', '1');
INSERT INTO `playercreateinfo_item` (`race`, `class`, `itemid`, `amount`) VALUES ('10', '5', '300001', '1');
INSERT INTO `playercreateinfo_item` (`race`, `class`, `itemid`, `amount`) VALUES ('10', '5', '300002', '1');
INSERT INTO `playercreateinfo_item` (`race`, `class`, `itemid`, `amount`) VALUES ('10', '5', '200005', '1');
INSERT INTO `playercreateinfo_item` (`race`, `class`, `itemid`, `amount`) VALUES ('11', '5', '300001', '1');
INSERT INTO `playercreateinfo_item` (`race`, `class`, `itemid`, `amount`) VALUES ('11', '5', '300002', '1');
INSERT INTO `playercreateinfo_item` (`race`, `class`, `itemid`, `amount`) VALUES ('11', '5', '200005', '1');
INSERT INTO `playercreateinfo_item` (`race`, `class`, `itemid`, `amount`) VALUES ('10', '9', '300001', '1');
INSERT INTO `playercreateinfo_item` (`race`, `class`, `itemid`, `amount`) VALUES ('10', '9', '300002', '1');
INSERT INTO `playercreateinfo_item` (`race`, `class`, `itemid`, `amount`) VALUES ('10', '9', '200008', '1');
INSERT INTO `playercreateinfo_item` (`race`, `class`, `itemid`, `amount`) VALUES ('11', '7', '300001', '1');
INSERT INTO `playercreateinfo_item` (`race`, `class`, `itemid`, `amount`) VALUES ('11', '7', '300002', '1');
INSERT INTO `playercreateinfo_item` (`race`, `class`, `itemid`, `amount`) VALUES ('11', '7', '200006', '1');
INSERT INTO `playercreateinfo_item` (`race`, `class`, `itemid`, `amount`) VALUES ('11', '1', '300001', '1');
INSERT INTO `playercreateinfo_item` (`race`, `class`, `itemid`, `amount`) VALUES ('11', '1', '300002', '1');
INSERT INTO `playercreateinfo_item` (`race`, `class`, `itemid`, `amount`) VALUES ('11', '1', '200001', '1');
INSERT INTO `playercreateinfo_item` (`race`, `class`, `itemid`, `amount`) VALUES ('11', '2', '300001', '1');
INSERT INTO `playercreateinfo_item` (`race`, `class`, `itemid`, `amount`) VALUES ('11', '2', '300002', '1');
INSERT INTO `playercreateinfo_item` (`race`, `class`, `itemid`, `amount`) VALUES ('11', '2', '200002', '1');
-- 出身物品包
INSERT INTO `item_template` (`entry`, `class`, `subclass`, `name`, `displayid`, `Quality`, `Flags`, `BuyCount`, `BuyPrice`, `SellPrice`, `InventoryType`, `AllowableClass`, `AllowableRace`, `ItemLevel`, `RequiredLevel`, `RequiredSkill`, `RequiredSkillRank`, `requiredspell`, `requiredhonorrank`, `RequiredCityRank`, `RequiredReputationFaction`, `RequiredReputationRank`, `maxcount`, `stackable`, `ContainerSlots`, `stat_type1`, `stat_value1`, `stat_type2`, `stat_value2`, `stat_type3`, `stat_value3`, `stat_type4`, `stat_value4`, `stat_type5`, `stat_value5`, `stat_type6`, `stat_value6`, `stat_type7`, `stat_value7`, `stat_type8`, `stat_value8`, `stat_type9`, `stat_value9`, `stat_type10`, `stat_value10`, `dmg_min1`, `dmg_max1`, `dmg_type1`, `dmg_min2`, `dmg_max2`, `dmg_type2`, `dmg_min3`, `dmg_max3`, `dmg_type3`, `dmg_min4`, `dmg_max4`, `dmg_type4`, `dmg_min5`, `dmg_max5`, `dmg_type5`, `armor`, `holy_res`, `fire_res`, `nature_res`, `frost_res`, `shadow_res`, `arcane_res`, `delay`, `ammo_type`, `RangedModRange`, `spellid_1`, `spelltrigger_1`, `spellcharges_1`, `spellppmRate_1`, `spellcooldown_1`, `spellcategory_1`, `spellcategorycooldown_1`, `spellid_2`, `spelltrigger_2`, `spellcharges_2`, `spellppmRate_2`, `spellcooldown_2`, `spellcategory_2`, `spellcategorycooldown_2`, `spellid_3`, `spelltrigger_3`, `spellcharges_3`, `spellppmRate_3`, `spellcooldown_3`, `spellcategory_3`, `spellcategorycooldown_3`, `spellid_4`, `spelltrigger_4`, `spellcharges_4`, `spellppmRate_4`, `spellcooldown_4`, `spellcategory_4`, `spellcategorycooldown_4`, `spellid_5`, `spelltrigger_5`, `spellcharges_5`, `spellppmRate_5`, `spellcooldown_5`, `spellcategory_5`, `spellcategorycooldown_5`, `bonding`, `description`, `PageText`, `LanguageID`, `PageMaterial`, `startquest`, `lockid`, `Material`, `sheath`, `RandomProperty`, `block`, `itemset`, `MaxDurability`, `area`, `Map`, `BagFamily`, `ScriptName`, `DisenchantID`, `FoodType`, `minMoneyLoot`, `maxMoneyLoot`, `Duration`, `ExtraFlags`, `OtherTeamEntry`) VALUES ('100009', '15', '5', '新手白马', '13108', '4', '64', '1', '1000000', '1', '0', '-1', '-1', '60', '60', '0', '0', '0', '0', '0', '0', '0', '0', '1', '0', '0', '0', '0', '0', '0', '0', '0', '0', '0', '0', '0', '0', '0', '0', '0', '0', '0', '0', '0', '0', '0', '0', '0', '0', '0', '0', '0', '0', '0', '0', '0', '0', '0', '0', '0', '0', '0', '0', '0', '0', '0', '0', '1000', '0', '0', '16083', '0', '0', '0', '-1', '330', '3000', '0', '0', '0', '0', '-1', '0', '-1', '0', '0', '0', '0', '-1', '0', '-1', '0', '0', '0', '0', '-1', '0', '-1', '0', '0', '0', '0', '-1', '0', '-1', '1', '新手坐骑,老马速度.', '0', '0', '0', '0', '0', '0', '0', '0', '0', '0', '0', '0', '0', '0', '', '0', '0', '0', '0', '0', '0', '1');
INSERT INTO `item_template` (`entry`, `class`, `subclass`, `name`, `displayid`, `Quality`, `Flags`, `BuyCount`, `BuyPrice`, `SellPrice`, `InventoryType`, `AllowableClass`, `AllowableRace`, `ItemLevel`, `RequiredLevel`, `RequiredSkill`, `RequiredSkillRank`, `requiredspell`, `requiredhonorrank`, `RequiredCityRank`, `RequiredReputationFaction`, `RequiredReputationRank`, `maxcount`, `stackable`, `ContainerSlots`, `stat_type1`, `stat_value1`, `stat_type2`, `stat_value2`, `stat_type3`, `stat_value3`, `stat_type4`, `stat_value4`, `stat_type5`, `stat_value5`, `stat_type6`, `stat_value6`, `stat_type7`, `stat_value7`, `stat_type8`, `stat_value8`, `stat_type9`, `stat_value9`, `stat_type10`, `stat_value10`, `dmg_min1`, `dmg_max1`, `dmg_type1`, `dmg_min2`, `dmg_max2`, `dmg_type2`, `dmg_min3`, `dmg_max3`, `dmg_type3`, `dmg_min4`, `dmg_max4`, `dmg_type4`, `dmg_min5`, `dmg_max5`, `dmg_type5`, `armor`, `holy_res`, `fire_res`, `nature_res`, `frost_res`, `shadow_res`, `arcane_res`, `delay`, `ammo_type`, `RangedModRange`, `spellid_1`, `spelltrigger_1`, `spellcharges_1`, `spellppmRate_1`, `spellcooldown_1`, `spellcategory_1`, `spellcategorycooldown_1`, `spellid_2`, `spelltrigger_2`, `spellcharges_2`, `spellppmRate_2`, `spellcooldown_2`, `spellcategory_2`, `spellcategorycooldown_2`, `spellid_3`, `spelltrigger_3`, `spellcharges_3`, `spellppmRate_3`, `spellcooldown_3`, `spellcategory_3`, `spellcategorycooldown_3`, `spellid_4`, `spelltrigger_4`, `spellcharges_4`, `spellppmRate_4`, `spellcooldown_4`, `spellcategory_4`, `spellcategorycooldown_4`, `spellid_5`, `spelltrigger_5`, `spellcharges_5`, `spellppmRate_5`, `spellcooldown_5`, `spellcategory_5`, `spellcategorycooldown_5`, `bonding`, `description`, `PageText`, `LanguageID`, `PageMaterial`, `startquest`, `lockid`, `Material`, `sheath`, `RandomProperty`, `block`, `itemset`, `MaxDurability`, `area`, `Map`, `BagFamily`, `ScriptName`, `DisenchantID`, `FoodType`, `minMoneyLoot`, `maxMoneyLoot`, `Duration`, `ExtraFlags`, `OtherTeamEntry`) VALUES ('200002', '15', '0', '骑士装备袋', '2588', '2', '4', '1', '19050', '1', '0', '2047', '255', '1', '0', '0', '0', '0', '0', '0', '0', '0', '0', '1', '0', '0', '0', '0', '0', '0', '0', '0', '0', '0', '0', '0', '0', '0', '0', '0', '0', '0', '0', '0', '0', '0', '0', '0', '0', '0', '0', '0', '0', '0', '0', '0', '0', '0', '0', '0', '0', '0', '0', '0', '0', '0', '0', '0', '0', '0', '0', '0', '0', '0', '-1', '0', '-1', '0', '0', '0', '0', '-1', '0', '-1', '0', '0', '0', '0', '-1', '0', '-1', '0', '0', '0', '0', '-1', '0', '-1', '0', '0', '0', '0', '0', '0', '0', '0', '', '0', '0', '0', '0', '0', '3', '0', '0', '0', '0', '0', '0', '0', '0', '', '0', '0', '0', '0', '0', '0', '1');
INSERT INTO `item_template` (`entry`, `class`, `subclass`, `name`, `displayid`, `Quality`, `Flags`, `BuyCount`, `BuyPrice`, `SellPrice`, `InventoryType`, `AllowableClass`, `AllowableRace`, `ItemLevel`, `RequiredLevel`, `RequiredSkill`, `RequiredSkillRank`, `requiredspell`, `requiredhonorrank`, `RequiredCityRank`, `RequiredReputationFaction`, `RequiredReputationRank`, `maxcount`, `stackable`, `ContainerSlots`, `stat_type1`, `stat_value1`, `stat_type2`, `stat_value2`, `stat_type3`, `stat_value3`, `stat_type4`, `stat_value4`, `stat_type5`, `stat_value5`, `stat_type6`, `stat_value6`, `stat_type7`, `stat_value7`, `stat_type8`, `stat_value8`, `stat_type9`, `stat_value9`, `stat_type10`, `stat_value10`, `dmg_min1`, `dmg_max1`, `dmg_type1`, `dmg_min2`, `dmg_max2`, `dmg_type2`, `dmg_min3`, `dmg_max3`, `dmg_type3`, `dmg_min4`, `dmg_max4`, `dmg_type4`, `dmg_min5`, `dmg_max5`, `dmg_type5`, `armor`, `holy_res`, `fire_res`, `nature_res`, `frost_res`, `shadow_res`, `arcane_res`, `delay`, `ammo_type`, `RangedModRange`, `spellid_1`, `spelltrigger_1`, `spellcharges_1`, `spellppmRate_1`, `spellcooldown_1`, `spellcategory_1`, `spellcategorycooldown_1`, `spellid_2`, `spelltrigger_2`, `spellcharges_2`, `spellppmRate_2`, `spellcooldown_2`, `spellcategory_2`, `spellcategorycooldown_2`, `spellid_3`, `spelltrigger_3`, `spellcharges_3`, `spellppmRate_3`, `spellcooldown_3`, `spellcategory_3`, `spellcategorycooldown_3`, `spellid_4`, `spelltrigger_4`, `spellcharges_4`, `spellppmRate_4`, `spellcooldown_4`, `spellcategory_4`, `spellcategorycooldown_4`, `spellid_5`, `spelltrigger_5`, `spellcharges_5`, `spellppmRate_5`, `spellcooldown_5`, `spellcategory_5`, `spellcategorycooldown_5`, `bonding`, `description`, `PageText`, `LanguageID`, `PageMaterial`, `startquest`, `lockid`, `Material`, `sheath`, `RandomProperty`, `block`, `itemset`, `MaxDurability`, `area`, `Map`, `BagFamily`, `ScriptName`, `DisenchantID`, `FoodType`, `minMoneyLoot`, `maxMoneyLoot`, `Duration`, `ExtraFlags`, `OtherTeamEntry`) VALUES ('200003', '15', '0', '猎人装备袋', '2588', '2', '4', '1', '19050', '1', '0', '2047', '255', '1', '0', '0', '0', '0', '0', '0', '0', '0', '0', '1', '0', '0', '0', '0', '0', '0', '0', '0', '0', '0', '0', '0', '0', '0', '0', '0', '0', '0', '0', '0', '0', '0', '0', '0', '0', '0', '0', '0', '0', '0', '0', '0', '0', '0', '0', '0', '0', '0', '0', '0', '0', '0', '0', '0', '0', '0', '0', '0', '0', '0', '-1', '0', '-1', '0', '0', '0', '0', '-1', '0', '-1', '0', '0', '0', '0', '-1', '0', '-1', '0', '0', '0', '0', '-1', '0', '-1', '0', '0', '0', '0', '0', '0', '0', '0', '', '0', '0', '0', '0', '0', '3', '0', '0', '0', '0', '0', '0', '0', '0', '', '0', '0', '0', '0', '0', '0', '1');
INSERT INTO `item_template` (`entry`, `class`, `subclass`, `name`, `displayid`, `Quality`, `Flags`, `BuyCount`, `BuyPrice`, `SellPrice`, `InventoryType`, `AllowableClass`, `AllowableRace`, `ItemLevel`, `RequiredLevel`, `RequiredSkill`, `RequiredSkillRank`, `requiredspell`, `requiredhonorrank`, `RequiredCityRank`, `RequiredReputationFaction`, `RequiredReputationRank`, `maxcount`, `stackable`, `ContainerSlots`, `stat_type1`, `stat_value1`, `stat_type2`, `stat_value2`, `stat_type3`, `stat_value3`, `stat_type4`, `stat_value4`, `stat_type5`, `stat_value5`, `stat_type6`, `stat_value6`, `stat_type7`, `stat_value7`, `stat_type8`, `stat_value8`, `stat_type9`, `stat_value9`, `stat_type10`, `stat_value10`, `dmg_min1`, `dmg_max1`, `dmg_type1`, `dmg_min2`, `dmg_max2`, `dmg_type2`, `dmg_min3`, `dmg_max3`, `dmg_type3`, `dmg_min4`, `dmg_max4`, `dmg_type4`, `dmg_min5`, `dmg_max5`, `dmg_type5`, `armor`, `holy_res`, `fire_res`, `nature_res`, `frost_res`, `shadow_res`, `arcane_res`, `delay`, `ammo_type`, `RangedModRange`, `spellid_1`, `spelltrigger_1`, `spellcharges_1`, `spellppmRate_1`, `spellcooldown_1`, `spellcategory_1`, `spellcategorycooldown_1`, `spellid_2`, `spelltrigger_2`, `spellcharges_2`, `spellppmRate_2`, `spellcooldown_2`, `spellcategory_2`, `spellcategorycooldown_2`, `spellid_3`, `spelltrigger_3`, `spellcharges_3`, `spellppmRate_3`, `spellcooldown_3`, `spellcategory_3`, `spellcategorycooldown_3`, `spellid_4`, `spelltrigger_4`, `spellcharges_4`, `spellppmRate_4`, `spellcooldown_4`, `spellcategory_4`, `spellcategorycooldown_4`, `spellid_5`, `spelltrigger_5`, `spellcharges_5`, `spellppmRate_5`, `spellcooldown_5`, `spellcategory_5`, `spellcategorycooldown_5`, `bonding`, `description`, `PageText`, `LanguageID`, `PageMaterial`, `startquest`, `lockid`, `Material`, `sheath`, `RandomProperty`, `block`, `itemset`, `MaxDurability`, `area`, `Map`, `BagFamily`, `ScriptName`, `DisenchantID`, `FoodType`, `minMoneyLoot`, `maxMoneyLoot`, `Duration`, `ExtraFlags`, `OtherTeamEntry`) VALUES ('200004', '15', '0', '盗贼装备袋', '2588', '2', '4', '1', '19050', '1', '0', '2047', '255', '1', '0', '0', '0', '0', '0', '0', '0', '0', '0', '1', '0', '0', '0', '0', '0', '0', '0', '0', '0', '0', '0', '0', '0', '0', '0', '0', '0', '0', '0', '0', '0', '0', '0', '0', '0', '0', '0', '0', '0', '0', '0', '0', '0', '0', '0', '0', '0', '0', '0', '0', '0', '0', '0', '0', '0', '0', '0', '0', '0', '0', '-1', '0', '-1', '0', '0', '0', '0', '-1', '0', '-1', '0', '0', '0', '0', '-1', '0', '-1', '0', '0', '0', '0', '-1', '0', '-1', '0', '0', '0', '0', '0', '0', '0', '0', '', '0', '0', '0', '0', '0', '3', '0', '0', '0', '0', '0', '0', '0', '0', '', '0', '0', '0', '0', '0', '0', '1');
INSERT INTO `item_template` (`entry`, `class`, `subclass`, `name`, `displayid`, `Quality`, `Flags`, `BuyCount`, `BuyPrice`, `SellPrice`, `InventoryType`, `AllowableClass`, `AllowableRace`, `ItemLevel`, `RequiredLevel`, `RequiredSkill`, `RequiredSkillRank`, `requiredspell`, `requiredhonorrank`, `RequiredCityRank`, `RequiredReputationFaction`, `RequiredReputationRank`, `maxcount`, `stackable`, `ContainerSlots`, `stat_type1`, `stat_value1`, `stat_type2`, `stat_value2`, `stat_type3`, `stat_value3`, `stat_type4`, `stat_value4`, `stat_type5`, `stat_value5`, `stat_type6`, `stat_value6`, `stat_type7`, `stat_value7`, `stat_type8`, `stat_value8`, `stat_type9`, `stat_value9`, `stat_type10`, `stat_value10`, `dmg_min1`, `dmg_max1`, `dmg_type1`, `dmg_min2`, `dmg_max2`, `dmg_type2`, `dmg_min3`, `dmg_max3`, `dmg_type3`, `dmg_min4`, `dmg_max4`, `dmg_type4`, `dmg_min5`, `dmg_max5`, `dmg_type5`, `armor`, `holy_res`, `fire_res`, `nature_res`, `frost_res`, `shadow_res`, `arcane_res`, `delay`, `ammo_type`, `RangedModRange`, `spellid_1`, `spelltrigger_1`, `spellcharges_1`, `spellppmRate_1`, `spellcooldown_1`, `spellcategory_1`, `spellcategorycooldown_1`, `spellid_2`, `spelltrigger_2`, `spellcharges_2`, `spellppmRate_2`, `spellcooldown_2`, `spellcategory_2`, `spellcategorycooldown_2`, `spellid_3`, `spelltrigger_3`, `spellcharges_3`, `spellppmRate_3`, `spellcooldown_3`, `spellcategory_3`, `spellcategorycooldown_3`, `spellid_4`, `spelltrigger_4`, `spellcharges_4`, `spellppmRate_4`, `spellcooldown_4`, `spellcategory_4`, `spellcategorycooldown_4`, `spellid_5`, `spelltrigger_5`, `spellcharges_5`, `spellppmRate_5`, `spellcooldown_5`, `spellcategory_5`, `spellcategorycooldown_5`, `bonding`, `description`, `PageText`, `LanguageID`, `PageMaterial`, `startquest`, `lockid`, `Material`, `sheath`, `RandomProperty`, `block`, `itemset`, `MaxDurability`, `area`, `Map`, `BagFamily`, `ScriptName`, `DisenchantID`, `FoodType`, `minMoneyLoot`, `maxMoneyLoot`, `Duration`, `ExtraFlags`, `OtherTeamEntry`) VALUES ('200005', '15', '0', '牧师装备袋', '2588', '2', '4', '1', '19050', '1', '0', '2047', '255', '1', '0', '0', '0', '0', '0', '0', '0', '0', '0', '1', '0', '0', '0', '0', '0', '0', '0', '0', '0', '0', '0', '0', '0', '0', '0', '0', '0', '0', '0', '0', '0', '0', '0', '0', '0', '0', '0', '0', '0', '0', '0', '0', '0', '0', '0', '0', '0', '0', '0', '0', '0', '0', '0', '0', '0', '0', '0', '0', '0', '0', '-1', '0', '-1', '0', '0', '0', '0', '-1', '0', '-1', '0', '0', '0', '0', '-1', '0', '-1', '0', '0', '0', '0', '-1', '0', '-1', '0', '0', '0', '0', '0', '0', '0', '0', '', '0', '0', '0', '0', '0', '3', '0', '0', '0', '0', '0', '0', '0', '0', '', '0', '0', '0', '0', '0', '0', '1');
INSERT INTO `item_template` (`entry`, `class`, `subclass`, `name`, `displayid`, `Quality`, `Flags`, `BuyCount`, `BuyPrice`, `SellPrice`, `InventoryType`, `AllowableClass`, `AllowableRace`, `ItemLevel`, `RequiredLevel`, `RequiredSkill`, `RequiredSkillRank`, `requiredspell`, `requiredhonorrank`, `RequiredCityRank`, `RequiredReputationFaction`, `RequiredReputationRank`, `maxcount`, `stackable`, `ContainerSlots`, `stat_type1`, `stat_value1`, `stat_type2`, `stat_value2`, `stat_type3`, `stat_value3`, `stat_type4`, `stat_value4`, `stat_type5`, `stat_value5`, `stat_type6`, `stat_value6`, `stat_type7`, `stat_value7`, `stat_type8`, `stat_value8`, `stat_type9`, `stat_value9`, `stat_type10`, `stat_value10`, `dmg_min1`, `dmg_max1`, `dmg_type1`, `dmg_min2`, `dmg_max2`, `dmg_type2`, `dmg_min3`, `dmg_max3`, `dmg_type3`, `dmg_min4`, `dmg_max4`, `dmg_type4`, `dmg_min5`, `dmg_max5`, `dmg_type5`, `armor`, `holy_res`, `fire_res`, `nature_res`, `frost_res`, `shadow_res`, `arcane_res`, `delay`, `ammo_type`, `RangedModRange`, `spellid_1`, `spelltrigger_1`, `spellcharges_1`, `spellppmRate_1`, `spellcooldown_1`, `spellcategory_1`, `spellcategorycooldown_1`, `spellid_2`, `spelltrigger_2`, `spellcharges_2`, `spellppmRate_2`, `spellcooldown_2`, `spellcategory_2`, `spellcategorycooldown_2`, `spellid_3`, `spelltrigger_3`, `spellcharges_3`, `spellppmRate_3`, `spellcooldown_3`, `spellcategory_3`, `spellcategorycooldown_3`, `spellid_4`, `spelltrigger_4`, `spellcharges_4`, `spellppmRate_4`, `spellcooldown_4`, `spellcategory_4`, `spellcategorycooldown_4`, `spellid_5`, `spelltrigger_5`, `spellcharges_5`, `spellppmRate_5`, `spellcooldown_5`, `spellcategory_5`, `spellcategorycooldown_5`, `bonding`, `description`, `PageText`, `LanguageID`, `PageMaterial`, `startquest`, `lockid`, `Material`, `sheath`, `RandomProperty`, `block`, `itemset`, `MaxDurability`, `area`, `Map`, `BagFamily`, `ScriptName`, `DisenchantID`, `FoodType`, `minMoneyLoot`, `maxMoneyLoot`, `Duration`, `ExtraFlags`, `OtherTeamEntry`) VALUES ('200006', '15', '0', '萨满装备袋', '2588', '2', '4', '1', '19050', '1', '0', '2047', '255', '1', '0', '0', '0', '0', '0', '0', '0', '0', '0', '1', '0', '0', '0', '0', '0', '0', '0', '0', '0', '0', '0', '0', '0', '0', '0', '0', '0', '0', '0', '0', '0', '0', '0', '0', '0', '0', '0', '0', '0', '0', '0', '0', '0', '0', '0', '0', '0', '0', '0', '0', '0', '0', '0', '0', '0', '0', '0', '0', '0', '0', '-1', '0', '-1', '0', '0', '0', '0', '-1', '0', '-1', '0', '0', '0', '0', '-1', '0', '-1', '0', '0', '0', '0', '-1', '0', '-1', '0', '0', '0', '0', '0', '0', '0', '0', '', '0', '0', '0', '0', '0', '3', '0', '0', '0', '0', '0', '0', '0', '0', '', '0', '0', '0', '0', '0', '0', '1');
INSERT INTO `item_template` (`entry`, `class`, `subclass`, `name`, `displayid`, `Quality`, `Flags`, `BuyCount`, `BuyPrice`, `SellPrice`, `InventoryType`, `AllowableClass`, `AllowableRace`, `ItemLevel`, `RequiredLevel`, `RequiredSkill`, `RequiredSkillRank`, `requiredspell`, `requiredhonorrank`, `RequiredCityRank`, `RequiredReputationFaction`, `RequiredReputationRank`, `maxcount`, `stackable`, `ContainerSlots`, `stat_type1`, `stat_value1`, `stat_type2`, `stat_value2`, `stat_type3`, `stat_value3`, `stat_type4`, `stat_value4`, `stat_type5`, `stat_value5`, `stat_type6`, `stat_value6`, `stat_type7`, `stat_value7`, `stat_type8`, `stat_value8`, `stat_type9`, `stat_value9`, `stat_type10`, `stat_value10`, `dmg_min1`, `dmg_max1`, `dmg_type1`, `dmg_min2`, `dmg_max2`, `dmg_type2`, `dmg_min3`, `dmg_max3`, `dmg_type3`, `dmg_min4`, `dmg_max4`, `dmg_type4`, `dmg_min5`, `dmg_max5`, `dmg_type5`, `armor`, `holy_res`, `fire_res`, `nature_res`, `frost_res`, `shadow_res`, `arcane_res`, `delay`, `ammo_type`, `RangedModRange`, `spellid_1`, `spelltrigger_1`, `spellcharges_1`, `spellppmRate_1`, `spellcooldown_1`, `spellcategory_1`, `spellcategorycooldown_1`, `spellid_2`, `spelltrigger_2`, `spellcharges_2`, `spellppmRate_2`, `spellcooldown_2`, `spellcategory_2`, `spellcategorycooldown_2`, `spellid_3`, `spelltrigger_3`, `spellcharges_3`, `spellppmRate_3`, `spellcooldown_3`, `spellcategory_3`, `spellcategorycooldown_3`, `spellid_4`, `spelltrigger_4`, `spellcharges_4`, `spellppmRate_4`, `spellcooldown_4`, `spellcategory_4`, `spellcategorycooldown_4`, `spellid_5`, `spelltrigger_5`, `spellcharges_5`, `spellppmRate_5`, `spellcooldown_5`, `spellcategory_5`, `spellcategorycooldown_5`, `bonding`, `description`, `PageText`, `LanguageID`, `PageMaterial`, `startquest`, `lockid`, `Material`, `sheath`, `RandomProperty`, `block`, `itemset`, `MaxDurability`, `area`, `Map`, `BagFamily`, `ScriptName`, `DisenchantID`, `FoodType`, `minMoneyLoot`, `maxMoneyLoot`, `Duration`, `ExtraFlags`, `OtherTeamEntry`) VALUES ('200007', '15', '0', '法师装备袋', '2588', '2', '4', '1', '19050', '1', '0', '2047', '255', '1', '0', '0', '0', '0', '0', '0', '0', '0', '0', '1', '0', '0', '0', '0', '0', '0', '0', '0', '0', '0', '0', '0', '0', '0', '0', '0', '0', '0', '0', '0', '0', '0', '0', '0', '0', '0', '0', '0', '0', '0', '0', '0', '0', '0', '0', '0', '0', '0', '0', '0', '0', '0', '0', '0', '0', '0', '0', '0', '0', '0', '-1', '0', '-1', '0', '0', '0', '0', '-1', '0', '-1', '0', '0', '0', '0', '-1', '0', '-1', '0', '0', '0', '0', '-1', '0', '-1', '0', '0', '0', '0', '0', '0', '0', '0', '', '0', '0', '0', '0', '0', '3', '0', '0', '0', '0', '0', '0', '0', '0', '', '0', '0', '0', '0', '0', '0', '1');
INSERT INTO `item_template` (`entry`, `class`, `subclass`, `name`, `displayid`, `Quality`, `Flags`, `BuyCount`, `BuyPrice`, `SellPrice`, `InventoryType`, `AllowableClass`, `AllowableRace`, `ItemLevel`, `RequiredLevel`, `RequiredSkill`, `RequiredSkillRank`, `requiredspell`, `requiredhonorrank`, `RequiredCityRank`, `RequiredReputationFaction`, `RequiredReputationRank`, `maxcount`, `stackable`, `ContainerSlots`, `stat_type1`, `stat_value1`, `stat_type2`, `stat_value2`, `stat_type3`, `stat_value3`, `stat_type4`, `stat_value4`, `stat_type5`, `stat_value5`, `stat_type6`, `stat_value6`, `stat_type7`, `stat_value7`, `stat_type8`, `stat_value8`, `stat_type9`, `stat_value9`, `stat_type10`, `stat_value10`, `dmg_min1`, `dmg_max1`, `dmg_type1`, `dmg_min2`, `dmg_max2`, `dmg_type2`, `dmg_min3`, `dmg_max3`, `dmg_type3`, `dmg_min4`, `dmg_max4`, `dmg_type4`, `dmg_min5`, `dmg_max5`, `dmg_type5`, `armor`, `holy_res`, `fire_res`, `nature_res`, `frost_res`, `shadow_res`, `arcane_res`, `delay`, `ammo_type`, `RangedModRange`, `spellid_1`, `spelltrigger_1`, `spellcharges_1`, `spellppmRate_1`, `spellcooldown_1`, `spellcategory_1`, `spellcategorycooldown_1`, `spellid_2`, `spelltrigger_2`, `spellcharges_2`, `spellppmRate_2`, `spellcooldown_2`, `spellcategory_2`, `spellcategorycooldown_2`, `spellid_3`, `spelltrigger_3`, `spellcharges_3`, `spellppmRate_3`, `spellcooldown_3`, `spellcategory_3`, `spellcategorycooldown_3`, `spellid_4`, `spelltrigger_4`, `spellcharges_4`, `spellppmRate_4`, `spellcooldown_4`, `spellcategory_4`, `spellcategorycooldown_4`, `spellid_5`, `spelltrigger_5`, `spellcharges_5`, `spellppmRate_5`, `spellcooldown_5`, `spellcategory_5`, `spellcategorycooldown_5`, `bonding`, `description`, `PageText`, `LanguageID`, `PageMaterial`, `startquest`, `lockid`, `Material`, `sheath`, `RandomProperty`, `block`, `itemset`, `MaxDurability`, `area`, `Map`, `BagFamily`, `ScriptName`, `DisenchantID`, `FoodType`, `minMoneyLoot`, `maxMoneyLoot`, `Duration`, `ExtraFlags`, `OtherTeamEntry`) VALUES ('200008', '15', '0', '术士装备袋', '2588', '2', '4', '1', '19050', '1', '0', '2047', '255', '1', '0', '0', '0', '0', '0', '0', '0', '0', '0', '1', '0', '0', '0', '0', '0', '0', '0', '0', '0', '0', '0', '0', '0', '0', '0', '0', '0', '0', '0', '0', '0', '0', '0', '0', '0', '0', '0', '0', '0', '0', '0', '0', '0', '0', '0', '0', '0', '0', '0', '0', '0', '0', '0', '0', '0', '0', '0', '0', '0', '0', '-1', '0', '-1', '0', '0', '0', '0', '-1', '0', '-1', '0', '0', '0', '0', '-1', '0', '-1', '0', '0', '0', '0', '-1', '0', '-1', '0', '0', '0', '0', '0', '0', '0', '0', '', '0', '0', '0', '0', '0', '3', '0', '0', '0', '0', '0', '0', '0', '0', '', '0', '0', '0', '0', '0', '0', '1');
INSERT INTO `item_template` (`entry`, `class`, `subclass`, `name`, `displayid`, `Quality`, `Flags`, `BuyCount`, `BuyPrice`, `SellPrice`, `InventoryType`, `AllowableClass`, `AllowableRace`, `ItemLevel`, `RequiredLevel`, `RequiredSkill`, `RequiredSkillRank`, `requiredspell`, `requiredhonorrank`, `RequiredCityRank`, `RequiredReputationFaction`, `RequiredReputationRank`, `maxcount`, `stackable`, `ContainerSlots`, `stat_type1`, `stat_value1`, `stat_type2`, `stat_value2`, `stat_type3`, `stat_value3`, `stat_type4`, `stat_value4`, `stat_type5`, `stat_value5`, `stat_type6`, `stat_value6`, `stat_type7`, `stat_value7`, `stat_type8`, `stat_value8`, `stat_type9`, `stat_value9`, `stat_type10`, `stat_value10`, `dmg_min1`, `dmg_max1`, `dmg_type1`, `dmg_min2`, `dmg_max2`, `dmg_type2`, `dmg_min3`, `dmg_max3`, `dmg_type3`, `dmg_min4`, `dmg_max4`, `dmg_type4`, `dmg_min5`, `dmg_max5`, `dmg_type5`, `armor`, `holy_res`, `fire_res`, `nature_res`, `frost_res`, `shadow_res`, `arcane_res`, `delay`, `ammo_type`, `RangedModRange`, `spellid_1`, `spelltrigger_1`, `spellcharges_1`, `spellppmRate_1`, `spellcooldown_1`, `spellcategory_1`, `spellcategorycooldown_1`, `spellid_2`, `spelltrigger_2`, `spellcharges_2`, `spellppmRate_2`, `spellcooldown_2`, `spellcategory_2`, `spellcategorycooldown_2`, `spellid_3`, `spelltrigger_3`, `spellcharges_3`, `spellppmRate_3`, `spellcooldown_3`, `spellcategory_3`, `spellcategorycooldown_3`, `spellid_4`, `spelltrigger_4`, `spellcharges_4`, `spellppmRate_4`, `spellcooldown_4`, `spellcategory_4`, `spellcategorycooldown_4`, `spellid_5`, `spelltrigger_5`, `spellcharges_5`, `spellppmRate_5`, `spellcooldown_5`, `spellcategory_5`, `spellcategorycooldown_5`, `bonding`, `description`, `PageText`, `LanguageID`, `PageMaterial`, `startquest`, `lockid`, `Material`, `sheath`, `RandomProperty`, `block`, `itemset`, `MaxDurability`, `area`, `Map`, `BagFamily`, `ScriptName`, `DisenchantID`, `FoodType`, `minMoneyLoot`, `maxMoneyLoot`, `Duration`, `ExtraFlags`, `OtherTeamEntry`) VALUES ('200009', '15', '0', '德鲁伊装备袋', '2588', '2', '4', '1', '19050', '1', '0', '2047', '255', '1', '0', '0', '0', '0', '0', '0', '0', '0', '0', '1', '0', '0', '0', '0', '0', '0', '0', '0', '0', '0', '0', '0', '0', '0', '0', '0', '0', '0', '0', '0', '0', '0', '0', '0', '0', '0', '0', '0', '0', '0', '0', '0', '0', '0', '0', '0', '0', '0', '0', '0', '0', '0', '0', '0', '0', '0', '0', '0', '0', '0', '-1', '0', '-1', '0', '0', '0', '0', '-1', '0', '-1', '0', '0', '0', '0', '-1', '0', '-1', '0', '0', '0', '0', '-1', '0', '-1', '0', '0', '0', '0', '0', '0', '0', '0', '', '0', '0', '0', '0', '0', '3', '0', '0', '0', '0', '0', '0', '0', '0', '', '0', '0', '0', '0', '0', '0', '1');
INSERT INTO `item_template` (`entry`, `class`, `subclass`, `name`, `displayid`, `Quality`, `Flags`, `BuyCount`, `BuyPrice`, `SellPrice`, `InventoryType`, `AllowableClass`, `AllowableRace`, `ItemLevel`, `RequiredLevel`, `RequiredSkill`, `RequiredSkillRank`, `requiredspell`, `requiredhonorrank`, `RequiredCityRank`, `RequiredReputationFaction`, `RequiredReputationRank`, `maxcount`, `stackable`, `ContainerSlots`, `stat_type1`, `stat_value1`, `stat_type2`, `stat_value2`, `stat_type3`, `stat_value3`, `stat_type4`, `stat_value4`, `stat_type5`, `stat_value5`, `stat_type6`, `stat_value6`, `stat_type7`, `stat_value7`, `stat_type8`, `stat_value8`, `stat_type9`, `stat_value9`, `stat_type10`, `stat_value10`, `dmg_min1`, `dmg_max1`, `dmg_type1`, `dmg_min2`, `dmg_max2`, `dmg_type2`, `dmg_min3`, `dmg_max3`, `dmg_type3`, `dmg_min4`, `dmg_max4`, `dmg_type4`, `dmg_min5`, `dmg_max5`, `dmg_type5`, `armor`, `holy_res`, `fire_res`, `nature_res`, `frost_res`, `shadow_res`, `arcane_res`, `delay`, `ammo_type`, `RangedModRange`, `spellid_1`, `spelltrigger_1`, `spellcharges_1`, `spellppmRate_1`, `spellcooldown_1`, `spellcategory_1`, `spellcategorycooldown_1`, `spellid_2`, `spelltrigger_2`, `spellcharges_2`, `spellppmRate_2`, `spellcooldown_2`, `spellcategory_2`, `spellcategorycooldown_2`, `spellid_3`, `spelltrigger_3`, `spellcharges_3`, `spellppmRate_3`, `spellcooldown_3`, `spellcategory_3`, `spellcategorycooldown_3`, `spellid_4`, `spelltrigger_4`, `spellcharges_4`, `spellppmRate_4`, `spellcooldown_4`, `spellcategory_4`, `spellcategorycooldown_4`, `spellid_5`, `spelltrigger_5`, `spellcharges_5`, `spellppmRate_5`, `spellcooldown_5`, `spellcategory_5`, `spellcategorycooldown_5`, `bonding`, `description`, `PageText`, `LanguageID`, `PageMaterial`, `startquest`, `lockid`, `Material`, `sheath`, `RandomProperty`, `block`, `itemset`, `MaxDurability`, `area`, `Map`, `BagFamily`, `ScriptName`, `DisenchantID`, `FoodType`, `minMoneyLoot`, `maxMoneyLoot`, `Duration`, `ExtraFlags`, `OtherTeamEntry`) VALUES ('300001', '15', '0', '背包坐骑袋', '2588', '2', '4', '1', '19050', '1', '0', '2047', '255', '1', '0', '0', '0', '0', '0', '0', '0', '0', '0', '1', '0', '0', '0', '0', '0', '0', '0', '0', '0', '0', '0', '0', '0', '0', '0', '0', '0', '0', '0', '0', '0', '0', '0', '0', '0', '0', '0', '0', '0', '0', '0', '0', '0', '0', '0', '0', '0', '0', '0', '0', '0', '0', '0', '0', '0', '0', '0', '0', '0', '0', '-1', '0', '-1', '0', '0', '0', '0', '-1', '0', '-1', '0', '0', '0', '0', '-1', '0', '-1', '0', '0', '0', '0', '-1', '0', '-1', '0', '0', '0', '0', '0', '0', '0', '0', '', '0', '0', '0', '0', '0', '3', '0', '0', '0', '0', '0', '0', '0', '0', '', '0', '0', '0', '0', '0', '0', '1');
INSERT INTO `item_template` (`entry`, `class`, `subclass`, `name`, `displayid`, `Quality`, `Flags`, `BuyCount`, `BuyPrice`, `SellPrice`, `InventoryType`, `AllowableClass`, `AllowableRace`, `ItemLevel`, `RequiredLevel`, `RequiredSkill`, `RequiredSkillRank`, `requiredspell`, `requiredhonorrank`, `RequiredCityRank`, `RequiredReputationFaction`, `RequiredReputationRank`, `maxcount`, `stackable`, `ContainerSlots`, `stat_type1`, `stat_value1`, `stat_type2`, `stat_value2`, `stat_type3`, `stat_value3`, `stat_type4`, `stat_value4`, `stat_type5`, `stat_value5`, `stat_type6`, `stat_value6`, `stat_type7`, `stat_value7`, `stat_type8`, `stat_value8`, `stat_type9`, `stat_value9`, `stat_type10`, `stat_value10`, `dmg_min1`, `dmg_max1`, `dmg_type1`, `dmg_min2`, `dmg_max2`, `dmg_type2`, `dmg_min3`, `dmg_max3`, `dmg_type3`, `dmg_min4`, `dmg_max4`, `dmg_type4`, `dmg_min5`, `dmg_max5`, `dmg_type5`, `armor`, `holy_res`, `fire_res`, `nature_res`, `frost_res`, `shadow_res`, `arcane_res`, `delay`, `ammo_type`, `RangedModRange`, `spellid_1`, `spelltrigger_1`, `spellcharges_1`, `spellppmRate_1`, `spellcooldown_1`, `spellcategory_1`, `spellcategorycooldown_1`, `spellid_2`, `spelltrigger_2`, `spellcharges_2`, `spellppmRate_2`, `spellcooldown_2`, `spellcategory_2`, `spellcategorycooldown_2`, `spellid_3`, `spelltrigger_3`, `spellcharges_3`, `spellppmRate_3`, `spellcooldown_3`, `spellcategory_3`, `spellcategorycooldown_3`, `spellid_4`, `spelltrigger_4`, `spellcharges_4`, `spellppmRate_4`, `spellcooldown_4`, `spellcategory_4`, `spellcategorycooldown_4`, `spellid_5`, `spelltrigger_5`, `spellcharges_5`, `spellppmRate_5`, `spellcooldown_5`, `spellcategory_5`, `spellcategorycooldown_5`, `bonding`, `description`, `PageText`, `LanguageID`, `PageMaterial`, `startquest`, `lockid`, `Material`, `sheath`, `RandomProperty`, `block`, `itemset`, `MaxDurability`, `area`, `Map`, `BagFamily`, `ScriptName`, `DisenchantID`, `FoodType`, `minMoneyLoot`, `maxMoneyLoot`, `Duration`, `ExtraFlags`, `OtherTeamEntry`) VALUES ('300002', '15', '0', '新人武器袋', '2588', '2', '4', '1', '19050', '1', '0', '2047', '255', '1', '0', '0', '0', '0', '0', '0', '0', '0', '0', '1', '0', '0', '0', '0', '0', '0', '0', '0', '0', '0', '0', '0', '0', '0', '0', '0', '0', '0', '0', '0', '0', '0', '0', '0', '0', '0', '0', '0', '0', '0', '0', '0', '0', '0', '0', '0', '0', '0', '0', '0', '0', '0', '0', '0', '0', '0', '0', '0', '0', '0', '-1', '0', '-1', '0', '0', '0', '0', '-1', '0', '-1', '0', '0', '0', '0', '-1', '0', '-1', '0', '0', '0', '0', '-1', '0', '-1', '0', '0', '0', '0', '0', '0', '0', '0', '', '0', '0', '0', '0', '0', '3', '0', '0', '0', '0', '0', '0', '0', '0', '', '0', '0', '0', '0', '0', '0', '1');
INSERT INTO `item_template` (`entry`, `class`, `subclass`, `name`, `displayid`, `Quality`, `Flags`, `BuyCount`, `BuyPrice`, `SellPrice`, `InventoryType`, `AllowableClass`, `AllowableRace`, `ItemLevel`, `RequiredLevel`, `RequiredSkill`, `RequiredSkillRank`, `requiredspell`, `requiredhonorrank`, `RequiredCityRank`, `RequiredReputationFaction`, `RequiredReputationRank`, `maxcount`, `stackable`, `ContainerSlots`, `stat_type1`, `stat_value1`, `stat_type2`, `stat_value2`, `stat_type3`, `stat_value3`, `stat_type4`, `stat_value4`, `stat_type5`, `stat_value5`, `stat_type6`, `stat_value6`, `stat_type7`, `stat_value7`, `stat_type8`, `stat_value8`, `stat_type9`, `stat_value9`, `stat_type10`, `stat_value10`, `dmg_min1`, `dmg_max1`, `dmg_type1`, `dmg_min2`, `dmg_max2`, `dmg_type2`, `dmg_min3`, `dmg_max3`, `dmg_type3`, `dmg_min4`, `dmg_max4`, `dmg_type4`, `dmg_min5`, `dmg_max5`, `dmg_type5`, `armor`, `holy_res`, `fire_res`, `nature_res`, `frost_res`, `shadow_res`, `arcane_res`, `delay`, `ammo_type`, `RangedModRange`, `spellid_1`, `spelltrigger_1`, `spellcharges_1`, `spellppmRate_1`, `spellcooldown_1`, `spellcategory_1`, `spellcategorycooldown_1`, `spellid_2`, `spelltrigger_2`, `spellcharges_2`, `spellppmRate_2`, `spellcooldown_2`, `spellcategory_2`, `spellcategorycooldown_2`, `spellid_3`, `spelltrigger_3`, `spellcharges_3`, `spellppmRate_3`, `spellcooldown_3`, `spellcategory_3`, `spellcategorycooldown_3`, `spellid_4`, `spelltrigger_4`, `spellcharges_4`, `spellppmRate_4`, `spellcooldown_4`, `spellcategory_4`, `spellcategorycooldown_4`, `spellid_5`, `spelltrigger_5`, `spellcharges_5`, `spellppmRate_5`, `spellcooldown_5`, `spellcategory_5`, `spellcategorycooldown_5`, `bonding`, `description`, `PageText`, `LanguageID`, `PageMaterial`, `startquest`, `lockid`, `Material`, `sheath`, `RandomProperty`, `block`, `itemset`, `MaxDurability`, `area`, `Map`, `BagFamily`, `ScriptName`, `DisenchantID`, `FoodType`, `minMoneyLoot`, `maxMoneyLoot`, `Duration`, `ExtraFlags`, `OtherTeamEntry`) VALUES ('200001', '15', '0', '战士装备袋', '2588', '2', '4', '1', '19050', '1', '0', '2047', '255', '1', '0', '0', '0', '0', '0', '0', '0', '0', '0', '1', '0', '0', '0', '0', '0', '0', '0', '0', '0', '0', '0', '0', '0', '0', '0', '0', '0', '0', '0', '0', '0', '0', '0', '0', '0', '0', '0', '0', '0', '0', '0', '0', '0', '0', '0', '0', '0', '0', '0', '0', '0', '0', '0', '0', '0', '0', '0', '0', '0', '0', '-1', '0', '-1', '0', '0', '0', '0', '-1', '0', '-1', '0', '0', '0', '0', '-1', '0', '-1', '0', '0', '0', '0', '-1', '0', '-1', '0', '0', '0', '0', '0', '0', '0', '0', '', '0', '0', '0', '0', '0', '3', '0', '0', '0', '0', '0', '0', '0', '0', '', '0', '0', '0', '0', '0', '0', '1');
-- 出生物品包内信息
INSERT INTO `item_loot_template` (`entry`, `item`, `ChanceOrQuestChance`, `groupid`, `mincountOrRef`, `maxcount`, `condition_id`) VALUES ('200001', '21994', '100', '0', '1', '1', '0');
INSERT INTO `item_loot_template` (`entry`, `item`, `ChanceOrQuestChance`, `groupid`, `mincountOrRef`, `maxcount`, `condition_id`) VALUES ('200001', '21995', '100', '1', '1', '1', '0');
INSERT INTO `item_loot_template` (`entry`, `item`, `ChanceOrQuestChance`, `groupid`, `mincountOrRef`, `maxcount`, `condition_id`) VALUES ('200001', '21996', '100', '2', '1', '1', '0');
INSERT INTO `item_loot_template` (`entry`, `item`, `ChanceOrQuestChance`, `groupid`, `mincountOrRef`, `maxcount`, `condition_id`) VALUES ('200001', '21997', '100', '3', '1', '1', '0');
INSERT INTO `item_loot_template` (`entry`, `item`, `ChanceOrQuestChance`, `groupid`, `mincountOrRef`, `maxcount`, `condition_id`) VALUES ('200001', '21998', '100', '4', '1', '1', '0');
INSERT INTO `item_loot_template` (`entry`, `item`, `ChanceOrQuestChance`, `groupid`, `mincountOrRef`, `maxcount`, `condition_id`) VALUES ('200001', '21999', '100', '5', '1', '1', '0');
INSERT INTO `item_loot_template` (`entry`, `item`, `ChanceOrQuestChance`, `groupid`, `mincountOrRef`, `maxcount`, `condition_id`) VALUES ('200001', '22000', '100', '6', '1', '1', '0');
INSERT INTO `item_loot_template` (`entry`, `item`, `ChanceOrQuestChance`, `groupid`, `mincountOrRef`, `maxcount`, `condition_id`) VALUES ('200001', '22001', '100', '7', '1', '1', '0');
INSERT INTO `item_loot_template` (`entry`, `item`, `ChanceOrQuestChance`, `groupid`, `mincountOrRef`, `maxcount`, `condition_id`) VALUES ('200002', '22086', '100', '0', '1', '1', '0');
INSERT INTO `item_loot_template` (`entry`, `item`, `ChanceOrQuestChance`, `groupid`, `mincountOrRef`, `maxcount`, `condition_id`) VALUES ('200002', '22087', '100', '1', '1', '1', '0');
INSERT INTO `item_loot_template` (`entry`, `item`, `ChanceOrQuestChance`, `groupid`, `mincountOrRef`, `maxcount`, `condition_id`) VALUES ('200002', '22088', '100', '2', '1', '1', '0');
INSERT INTO `item_loot_template` (`entry`, `item`, `ChanceOrQuestChance`, `groupid`, `mincountOrRef`, `maxcount`, `condition_id`) VALUES ('200002', '22089', '100', '3', '1', '1', '0');
INSERT INTO `item_loot_template` (`entry`, `item`, `ChanceOrQuestChance`, `groupid`, `mincountOrRef`, `maxcount`, `condition_id`) VALUES ('200002', '22090', '100', '4', '1', '1', '0');
INSERT INTO `item_loot_template` (`entry`, `item`, `ChanceOrQuestChance`, `groupid`, `mincountOrRef`, `maxcount`, `condition_id`) VALUES ('200002', '22091', '100', '5', '1', '1', '0');
INSERT INTO `item_loot_template` (`entry`, `item`, `ChanceOrQuestChance`, `groupid`, `mincountOrRef`, `maxcount`, `condition_id`) VALUES ('200002', '22092', '100', '6', '1', '1', '0');
INSERT INTO `item_loot_template` (`entry`, `item`, `ChanceOrQuestChance`, `groupid`, `mincountOrRef`, `maxcount`, `condition_id`) VALUES ('200002', '22093', '100', '7', '1', '1', '0');
INSERT INTO `item_loot_template` (`entry`, `item`, `ChanceOrQuestChance`, `groupid`, `mincountOrRef`, `maxcount`, `condition_id`) VALUES ('200003', '22010', '100', '0', '1', '1', '0');
INSERT INTO `item_loot_template` (`entry`, `item`, `ChanceOrQuestChance`, `groupid`, `mincountOrRef`, `maxcount`, `condition_id`) VALUES ('200003', '22011', '100', '1', '1', '1', '0');
INSERT INTO `item_loot_template` (`entry`, `item`, `ChanceOrQuestChance`, `groupid`, `mincountOrRef`, `maxcount`, `condition_id`) VALUES ('200003', '22013', '100', '2', '1', '1', '0');
INSERT INTO `item_loot_template` (`entry`, `item`, `ChanceOrQuestChance`, `groupid`, `mincountOrRef`, `maxcount`, `condition_id`) VALUES ('200003', '22015', '100', '3', '1', '1', '0');
INSERT INTO `item_loot_template` (`entry`, `item`, `ChanceOrQuestChance`, `groupid`, `mincountOrRef`, `maxcount`, `condition_id`) VALUES ('200003', '22016', '100', '4', '1', '1', '0');
INSERT INTO `item_loot_template` (`entry`, `item`, `ChanceOrQuestChance`, `groupid`, `mincountOrRef`, `maxcount`, `condition_id`) VALUES ('200003', '22017', '100', '5', '1', '1', '0');
INSERT INTO `item_loot_template` (`entry`, `item`, `ChanceOrQuestChance`, `groupid`, `mincountOrRef`, `maxcount`, `condition_id`) VALUES ('200003', '22060', '100', '6', '1', '1', '0');
INSERT INTO `item_loot_template` (`entry`, `item`, `ChanceOrQuestChance`, `groupid`, `mincountOrRef`, `maxcount`, `condition_id`) VALUES ('200003', '22061', '100', '7', '1', '1', '0');
INSERT INTO `item_loot_template` (`entry`, `item`, `ChanceOrQuestChance`, `groupid`, `mincountOrRef`, `maxcount`, `condition_id`) VALUES ('200004', '22002', '100', '0', '1', '1', '0');
INSERT INTO `item_loot_template` (`entry`, `item`, `ChanceOrQuestChance`, `groupid`, `mincountOrRef`, `maxcount`, `condition_id`) VALUES ('200004', '22003', '100', '1', '1', '1', '0');
INSERT INTO `item_loot_template` (`entry`, `item`, `ChanceOrQuestChance`, `groupid`, `mincountOrRef`, `maxcount`, `condition_id`) VALUES ('200004', '22004', '100', '2', '1', '1', '0');
INSERT INTO `item_loot_template` (`entry`, `item`, `ChanceOrQuestChance`, `groupid`, `mincountOrRef`, `maxcount`, `condition_id`) VALUES ('200004', '22005', '100', '3', '1', '1', '0');
INSERT INTO `item_loot_template` (`entry`, `item`, `ChanceOrQuestChance`, `groupid`, `mincountOrRef`, `maxcount`, `condition_id`) VALUES ('200004', '22006', '100', '4', '1', '1', '0');
INSERT INTO `item_loot_template` (`entry`, `item`, `ChanceOrQuestChance`, `groupid`, `mincountOrRef`, `maxcount`, `condition_id`) VALUES ('200004', '22007', '100', '5', '1', '1', '0');
INSERT INTO `item_loot_template` (`entry`, `item`, `ChanceOrQuestChance`, `groupid`, `mincountOrRef`, `maxcount`, `condition_id`) VALUES ('200004', '22008', '100', '6', '1', '1', '0');
INSERT INTO `item_loot_template` (`entry`, `item`, `ChanceOrQuestChance`, `groupid`, `mincountOrRef`, `maxcount`, `condition_id`) VALUES ('200004', '22009', '100', '7', '1', '1', '0');
INSERT INTO `item_loot_template` (`entry`, `item`, `ChanceOrQuestChance`, `groupid`, `mincountOrRef`, `maxcount`, `condition_id`) VALUES ('200005', '22078', '100', '0', '1', '1', '0');
INSERT INTO `item_loot_template` (`entry`, `item`, `ChanceOrQuestChance`, `groupid`, `mincountOrRef`, `maxcount`, `condition_id`) VALUES ('200005', '22079', '100', '1', '1', '1', '0');
INSERT INTO `item_loot_template` (`entry`, `item`, `ChanceOrQuestChance`, `groupid`, `mincountOrRef`, `maxcount`, `condition_id`) VALUES ('200005', '22080', '100', '2', '1', '1', '0');
INSERT INTO `item_loot_template` (`entry`, `item`, `ChanceOrQuestChance`, `groupid`, `mincountOrRef`, `maxcount`, `condition_id`) VALUES ('200005', '22081', '100', '3', '1', '1', '0');
INSERT INTO `item_loot_template` (`entry`, `item`, `ChanceOrQuestChance`, `groupid`, `mincountOrRef`, `maxcount`, `condition_id`) VALUES ('200005', '22082', '100', '4', '1', '1', '0');
INSERT INTO `item_loot_template` (`entry`, `item`, `ChanceOrQuestChance`, `groupid`, `mincountOrRef`, `maxcount`, `condition_id`) VALUES ('200005', '22083', '100', '5', '1', '1', '0');
INSERT INTO `item_loot_template` (`entry`, `item`, `ChanceOrQuestChance`, `groupid`, `mincountOrRef`, `maxcount`, `condition_id`) VALUES ('200005', '22084', '100', '6', '1', '1', '0');
INSERT INTO `item_loot_template` (`entry`, `item`, `ChanceOrQuestChance`, `groupid`, `mincountOrRef`, `maxcount`, `condition_id`) VALUES ('200005', '22085', '100', '7', '1', '1', '0');
INSERT INTO `item_loot_template` (`entry`, `item`, `ChanceOrQuestChance`, `groupid`, `mincountOrRef`, `maxcount`, `condition_id`) VALUES ('200006', '22095', '100', '0', '1', '1', '0');
INSERT INTO `item_loot_template` (`entry`, `item`, `ChanceOrQuestChance`, `groupid`, `mincountOrRef`, `maxcount`, `condition_id`) VALUES ('200006', '22096', '100', '1', '1', '1', '0');
INSERT INTO `item_loot_template` (`entry`, `item`, `ChanceOrQuestChance`, `groupid`, `mincountOrRef`, `maxcount`, `condition_id`) VALUES ('200006', '22097', '100', '2', '1', '1', '0');
INSERT INTO `item_loot_template` (`entry`, `item`, `ChanceOrQuestChance`, `groupid`, `mincountOrRef`, `maxcount`, `condition_id`) VALUES ('200006', '22098', '100', '3', '1', '1', '0');
INSERT INTO `item_loot_template` (`entry`, `item`, `ChanceOrQuestChance`, `groupid`, `mincountOrRef`, `maxcount`, `condition_id`) VALUES ('200006', '22099', '100', '4', '1', '1', '0');
INSERT INTO `item_loot_template` (`entry`, `item`, `ChanceOrQuestChance`, `groupid`, `mincountOrRef`, `maxcount`, `condition_id`) VALUES ('200006', '22100', '100', '5', '1', '1', '0');
INSERT INTO `item_loot_template` (`entry`, `item`, `ChanceOrQuestChance`, `groupid`, `mincountOrRef`, `maxcount`, `condition_id`) VALUES ('200006', '22101', '100', '6', '1', '1', '0');
INSERT INTO `item_loot_template` (`entry`, `item`, `ChanceOrQuestChance`, `groupid`, `mincountOrRef`, `maxcount`, `condition_id`) VALUES ('200006', '22102', '100', '7', '1', '1', '0');
INSERT INTO `item_loot_template` (`entry`, `item`, `ChanceOrQuestChance`, `groupid`, `mincountOrRef`, `maxcount`, `condition_id`) VALUES ('200007', '22062', '100', '0', '1', '1', '0');
INSERT INTO `item_loot_template` (`entry`, `item`, `ChanceOrQuestChance`, `groupid`, `mincountOrRef`, `maxcount`, `condition_id`) VALUES ('200007', '22063', '100', '1', '1', '1', '0');
INSERT INTO `item_loot_template` (`entry`, `item`, `ChanceOrQuestChance`, `groupid`, `mincountOrRef`, `maxcount`, `condition_id`) VALUES ('200007', '22064', '100', '2', '1', '1', '0');
INSERT INTO `item_loot_template` (`entry`, `item`, `ChanceOrQuestChance`, `groupid`, `mincountOrRef`, `maxcount`, `condition_id`) VALUES ('200007', '22065', '100', '3', '1', '1', '0');
INSERT INTO `item_loot_template` (`entry`, `item`, `ChanceOrQuestChance`, `groupid`, `mincountOrRef`, `maxcount`, `condition_id`) VALUES ('200007', '22066', '100', '4', '1', '1', '0');
INSERT INTO `item_loot_template` (`entry`, `item`, `ChanceOrQuestChance`, `groupid`, `mincountOrRef`, `maxcount`, `condition_id`) VALUES ('200007', '22067', '100', '5', '1', '1', '0');
INSERT INTO `item_loot_template` (`entry`, `item`, `ChanceOrQuestChance`, `groupid`, `mincountOrRef`, `maxcount`, `condition_id`) VALUES ('200007', '22068', '100', '6', '1', '1', '0');
INSERT INTO `item_loot_template` (`entry`, `item`, `ChanceOrQuestChance`, `groupid`, `mincountOrRef`, `maxcount`, `condition_id`) VALUES ('200007', '22069', '100', '7', '1', '1', '0');
INSERT INTO `item_loot_template` (`entry`, `item`, `ChanceOrQuestChance`, `groupid`, `mincountOrRef`, `maxcount`, `condition_id`) VALUES ('200008', '22070', '100', '0', '1', '1', '0');
INSERT INTO `item_loot_template` (`entry`, `item`, `ChanceOrQuestChance`, `groupid`, `mincountOrRef`, `maxcount`, `condition_id`) VALUES ('200008', '22071', '100', '1', '1', '1', '0');
INSERT INTO `item_loot_template` (`entry`, `item`, `ChanceOrQuestChance`, `groupid`, `mincountOrRef`, `maxcount`, `condition_id`) VALUES ('200008', '22072', '100', '2', '1', '1', '0');
INSERT INTO `item_loot_template` (`entry`, `item`, `ChanceOrQuestChance`, `groupid`, `mincountOrRef`, `maxcount`, `condition_id`) VALUES ('200008', '22073', '100', '3', '1', '1', '0');
INSERT INTO `item_loot_template` (`entry`, `item`, `ChanceOrQuestChance`, `groupid`, `mincountOrRef`, `maxcount`, `condition_id`) VALUES ('200008', '22074', '100', '4', '1', '1', '0');
INSERT INTO `item_loot_template` (`entry`, `item`, `ChanceOrQuestChance`, `groupid`, `mincountOrRef`, `maxcount`, `condition_id`) VALUES ('200008', '22075', '100', '5', '1', '1', '0');
INSERT INTO `item_loot_template` (`entry`, `item`, `ChanceOrQuestChance`, `groupid`, `mincountOrRef`, `maxcount`, `condition_id`) VALUES ('200008', '22076', '100', '6', '1', '1', '0');
INSERT INTO `item_loot_template` (`entry`, `item`, `ChanceOrQuestChance`, `groupid`, `mincountOrRef`, `maxcount`, `condition_id`) VALUES ('200008', '22077', '100', '7', '1', '1', '0');
INSERT INTO `item_loot_template` (`entry`, `item`, `ChanceOrQuestChance`, `groupid`, `mincountOrRef`, `maxcount`, `condition_id`) VALUES ('200009', '22106', '100', '0', '1', '1', '0');
INSERT INTO `item_loot_template` (`entry`, `item`, `ChanceOrQuestChance`, `groupid`, `mincountOrRef`, `maxcount`, `condition_id`) VALUES ('200009', '22107', '100', '1', '1', '1', '0');
INSERT INTO `item_loot_template` (`entry`, `item`, `ChanceOrQuestChance`, `groupid`, `mincountOrRef`, `maxcount`, `condition_id`) VALUES ('200009', '22108', '100', '2', '1', '1', '0');
INSERT INTO `item_loot_template` (`entry`, `item`, `ChanceOrQuestChance`, `groupid`, `mincountOrRef`, `maxcount`, `condition_id`) VALUES ('200009', '22109', '100', '3', '1', '1', '0');
INSERT INTO `item_loot_template` (`entry`, `item`, `ChanceOrQuestChance`, `groupid`, `mincountOrRef`, `maxcount`, `condition_id`) VALUES ('200009', '22110', '100', '4', '1', '1', '0');
INSERT INTO `item_loot_template` (`entry`, `item`, `ChanceOrQuestChance`, `groupid`, `mincountOrRef`, `maxcount`, `condition_id`) VALUES ('200009', '22111', '100', '5', '1', '1', '0');
INSERT INTO `item_loot_template` (`entry`, `item`, `ChanceOrQuestChance`, `groupid`, `mincountOrRef`, `maxcount`, `condition_id`) VALUES ('200009', '22112', '100', '6', '1', '1', '0');
INSERT INTO `item_loot_template` (`entry`, `item`, `ChanceOrQuestChance`, `groupid`, `mincountOrRef`, `maxcount`, `condition_id`) VALUES ('200009', '22113', '100', '7', '1', '1', '0');
INSERT INTO `item_loot_template` (`entry`, `item`, `ChanceOrQuestChance`, `groupid`, `mincountOrRef`, `maxcount`, `condition_id`) VALUES ('300001', '4500', '100', '0', '4', '4', '0');
INSERT INTO `item_loot_template` (`entry`, `item`, `ChanceOrQuestChance`, `groupid`, `mincountOrRef`, `maxcount`, `condition_id`) VALUES ('300001', '100009', '100', '1', '1', '1', '0');
INSERT INTO `item_loot_template` (`entry`, `item`, `ChanceOrQuestChance`, `groupid`, `mincountOrRef`, `maxcount`, `condition_id`) VALUES ('300002', '1168', '100', '11', '1', '1', '0');
INSERT INTO `item_loot_template` (`entry`, `item`, `ChanceOrQuestChance`, `groupid`, `mincountOrRef`, `maxcount`, `condition_id`) VALUES ('300002', '12777', '100', '1', '1', '1', '0');
INSERT INTO `item_loot_template` (`entry`, `item`, `ChanceOrQuestChance`, `groupid`, `mincountOrRef`, `maxcount`, `condition_id`) VALUES ('300002', '12791', '100', '2', '1', '1', '0');
INSERT INTO `item_loot_template` (`entry`, `item`, `ChanceOrQuestChance`, `groupid`, `mincountOrRef`, `maxcount`, `condition_id`) VALUES ('300002', '13036', '100', '0', '1', '1', '0');
INSERT INTO `item_loot_template` (`entry`, `item`, `ChanceOrQuestChance`, `groupid`, `mincountOrRef`, `maxcount`, `condition_id`) VALUES ('300002', '13249', '100', '6', '1', '1', '0');
INSERT INTO `item_loot_template` (`entry`, `item`, `ChanceOrQuestChance`, `groupid`, `mincountOrRef`, `maxcount`, `condition_id`) VALUES ('300002', '13285', '100', '5', '1', '1', '0');
INSERT INTO `item_loot_template` (`entry`, `item`, `ChanceOrQuestChance`, `groupid`, `mincountOrRef`, `maxcount`, `condition_id`) VALUES ('300002', '16997', '100', '9', '1', '1', '0');
INSERT INTO `item_loot_template` (`entry`, `item`, `ChanceOrQuestChance`, `groupid`, `mincountOrRef`, `maxcount`, `condition_id`) VALUES ('300002', '18321', '100', '4', '1', '1', '0');
INSERT INTO `item_loot_template` (`entry`, `item`, `ChanceOrQuestChance`, `groupid`, `mincountOrRef`, `maxcount`, `condition_id`) VALUES ('300002', '20657', '100', '10', '1', '1', '0');
INSERT INTO `item_loot_template` (`entry`, `item`, `ChanceOrQuestChance`, `groupid`, `mincountOrRef`, `maxcount`, `condition_id`) VALUES ('300002', '22318', '100', '7', '1', '1', '0');
INSERT INTO `item_loot_template` (`entry`, `item`, `ChanceOrQuestChance`, `groupid`, `mincountOrRef`, `maxcount`, `condition_id`) VALUES ('300002', '23132', '100', '3', '1', '1', '0');

